"","PUMA","HHINCOME","DENSITY","PROPTX99","RENT","farm","ownership","acreage","se.HHINCOME","se.DENSITY","se.PROPTX99","se.RENT","se.farm","se.ownership","se.acreage","AGE","sex","race","hisp","hs","ba","employed","se.AGE","se.sex","se.race","se.hisp","se.hs","se.ba","se.employed","treated","PScores","distance","weights","subclass"
"1",100,53955.5657591468,73.2,14.7430128283761,66.1253397550536,0.0322032913468181,0.786759721352435,0.0834780587639049,1170.49629721343,0,0.358406593467825,4.57485942205421,0.00376317584462139,0.0112880645098228,0.00655327526280419,45.8141261153183,0.559376171552823,0.820394391542326,0.274844417785109,0.791257404213841,0.183459548624128,0.976816375496738,0.425666926137261,0.0191976061701122,0.0166001860869297,0.0188380944309211,0.0178921083041035,0.0135954910310721,0.00601284517155781,0,5.08129113073259e-06,NA,0.0741935483870968,7
"2",200,50548.8632643402,1423.4,17.684855760906,142.521731100003,0.0010389370519584,0.690835420827225,0.00809216526025373,1635.02028963157,0,0.617542557222076,8.4914259112492,0.000735149983101997,0.0171177391056163,0.00259580697051337,43.0070599002026,0.567406794064454,0.732704333994291,0.296058222386856,0.77401782406903,0.182380755235003,0.929095940557383,0.701217944923444,0.0285002774538097,0.0265225137637288,0.0269626648556495,0.0249311416894256,0.022667505767832,0.0161126786881505,0,0.000377334962759288,NA,0.0741935483870968,7
"3",300,72768.2018548598,1354,27.6791930835735,90.0146712077548,0.00291328268273513,0.830578988734608,0.0258108462143044,2029.70184536627,0,0.669567543266913,9.77711579298422,0.00143374558028307,0.015224497471009,0.00445657044852591,44.3683448026078,0.538613223872188,0.881946959636203,0.132379572618616,0.905086723811823,0.258944021892229,0.972453619863978,0.585226386858294,0.024816719067878,0.0188401163514543,0.0193301907198338,0.0162601244410916,0.0202501483707385,0.00836637356541853,0,0.000218839330781816,NA,0.0741935483870968,7
"4",400,53867.3099637013,52.6,15.345318493474,56.0784498811495,0.0347541039877116,0.75322869916676,0.0630293564912943,1557.27282887057,0,0.505674548279878,4.4882411590713,0.00395164178565109,0.0141722625074153,0.00637346000828171,44.4515439429929,0.568962787015044,0.826623119556611,0.43646080760095,0.804374505146477,0.168190815518606,0.929552652414885,0.596801531270592,0.0231637747882396,0.0178688750853601,0.0236776327588502,0.0183367087655105,0.0159371868639352,0.0147929639063148,0,6.12904605124831e-07,NA,0.0741935483870968,7
"5",501,54652.4665082628,4445.6,16.5658354913634,206.95811196839,0,0.620511519876125,0,2135.26734364828,0,0.694053519057193,13.5083388498529,0,0.0207317146303759,0,42.9171903564899,0.504570383912249,0.784477833638026,0.3373228976234,0.860946069469835,0.27739373857404,0.965979204753199,0.72463951142916,0.030680192772262,0.0272014848416548,0.0314411292978715,0.0226933847544626,0.0253056418987296,0.0103227335160541,0,7.85242685313804e-05,NA,0.0741935483870968,7
"6",502,67589.7158641416,931.8,24.0381263857277,105.407449966485,0.00723340625667543,0.784331057241141,0.0130451756421305,1785.21876872755,0,0.655711130853072,7.57242509883722,0.00202278500496906,0.0136919706405011,0.0028015899951443,43.9536724569616,0.524594497923892,0.804099342176881,0.257919537191111,0.866227081162621,0.335925228993982,0.97373372937499,0.534602586010017,0.0229295241211922,0.0193040424628907,0.0222319819918343,0.0185982368006416,0.0207415324529721,0.00862241783006181,0,0.00658060059363939,NA,0.0741935483870968,7
"7",600,64337.0278937623,54,20.7628692868762,59.8516480633288,0.0608175473579262,0.811010577290684,0.15470130960502,1784.05304018843,0,0.484397577834882,5.34145258728836,0.00593471101127441,0.0128998324842478,0.00982720977184716,44.0901445212432,0.558686580630609,0.933765124784507,0.104097185299757,0.823835532569642,0.18794206260976,0.965424460663477,0.549176101349627,0.0217857477989215,0.0104643717118198,0.0155074715970701,0.0187498148704813,0.0164285158963267,0.00775211731718444,0,3.71464412531186e-09,NA,0.0741935483870968,7
"8",700,73850.545538852,1022,20.7929617336978,127.261421319797,0.0138129636860601,0.732311597032409,0.0230964467005076,3519.32373633898,0,0.709364816016221,11.7110877753218,0.00466938735737922,0.0179469676946498,0.00531990833157287,44.2998563247465,0.493352490033794,0.849646882651719,0.12131452738936,0.881397090070219,0.270554667422142,0.927211283566384,0.605861891976254,0.0255093164867005,0.018881416801643,0.0169688089736955,0.0175822135860137,0.0227002442702221,0.0161923670188893,0,0.000240183534504913,NA,0.0741935483870968,7
"9",800,60236.843971683,225.2,22.5538979682786,92.7761745775466,0.0228596059293244,0.799231437985374,0.0708289803403006,1250.42559519779,0,0.563282771602966,7.75830677095598,0.00347344518032484,0.0140050281480332,0.00645294475917593,43.8371290746967,0.534512498172782,0.890045315012425,0.0694781464698144,0.888320420991083,0.203581347756176,0.950606636456658,0.558815963541105,0.0232702938063665,0.0148485826431443,0.015824119199972,0.0168947873573125,0.0166028292272341,0.0117542474203038,0,1.48708037337871e-06,NA,0.0741935483870968,7
"10",900,57701.7317710681,144.7,19.7658179360072,94.3538756196485,0.030419107706174,0.774943668319063,0.131782334384858,1463.47397695433,0,0.580780176607866,7.74409860224254,0.00429950813157802,0.0149139368097289,0.01085913465302,44.6410784292253,0.52572329661184,0.866904662826606,0.0838607941479226,0.854661731531571,0.183819181322412,0.944304518276791,0.678355311928699,0.0264521227642028,0.0221891433170877,0.0180165315570407,0.0209415380997651,0.0191325667098798,0.0136771419861278,0,5.98198278738188e-12,NA,0.0741935483870968,7
"11",1000,57064.2636100728,109.9,17.9675188825819,68.3441014044641,0.0392188533542542,0.783223345178212,0.164243850662236,1458.66968062944,0,0.502376374387448,5.48849738699402,0.00533552416739174,0.011990059539232,0.0105236169421456,44.531598631336,0.536993713694597,0.831001830190181,0.108426832179518,0.821357523673112,0.184101217474338,0.931455399061033,0.519686577378736,0.0217079703225798,0.0176508169922195,0.0137196821698348,0.016666582403864,0.0168823030814515,0.0130609817070836,0,2.22044604925031e-16,NA,0.0741935483870968,7
"12",1100,58709.5450683156,204.1,15.5783883514511,104.047072903161,0.0168245736511419,0.763209334796051,0.0832951032213025,1874.91708350057,0,0.531603803722981,9.95803616042205,0.00391609663914433,0.0165922265065656,0.00877997589126027,44.2792967514809,0.498218690052069,0.768914560364273,0.0527858001138352,0.89069713514767,0.198558087568775,0.956489659970066,0.660243147521889,0.0280278459503392,0.0260564819752525,0.0147977769095099,0.0183825890695625,0.0192839585872808,0.00934920622287756,0,4.20157821116061e-08,NA,0.0741935483870968,7
"13",1200,52965.84470514,81.5,17.0695378949334,72.0480197796679,0.0548190405058238,0.789023314510885,0.150890793311485,1163.2738502331,0,0.487056963396515,5.96173828179148,0.00692201901130252,0.015129997175478,0.00956504636183163,42.9074678697575,0.558398385325458,0.899587426909264,0.059956664984714,0.863524383366478,0.144044403549909,0.931984803063133,0.606916712160476,0.0248063200626843,0.0158036679310429,0.011708361749485,0.0158658043263648,0.0155526199300829,0.0168841221067547,0,1.61768406197163e-10,NA,0.0741935483870968,7
"14",1300,63553.1771594313,434,18.7922635908974,77.9863379460837,0.0119475203643214,0.819316626231686,0.047613884333365,1423.14379222887,0,0.447829672778871,6.6580194553201,0.00255358335555255,0.0119476493999467,0.00562364434699163,44.0573097655074,0.545886119243714,0.754015377459162,0.100008208608094,0.884764823378116,0.229991517771637,0.926888663912223,0.551804974186802,0.0223101587297561,0.0195347842723325,0.0137877651084486,0.0145323580606355,0.0178005736990686,0.0132726777775382,0,3.2219154989378e-05,NA,0.0741935483870968,7
"15",1400,66286.4914603237,521.3,22.9629102489114,92.410281406382,0.0177877428998505,0.812855007473842,0.0639630857217131,1991.08154773045,0,0.556162307112537,6.66634895592541,0.003910891213578,0.0119501765074393,0.00778512722681746,43.7759029494047,0.53283737501725,0.735557200386396,0.146127886991758,0.863883278343014,0.267002044887155,0.939393559232728,0.55370991822638,0.0215754180587303,0.0194734366625418,0.0154406365026569,0.0146403014225981,0.0185730728654248,0.0127418547390403,0,4.79798451189499e-06,NA,0.0741935483870968,7
"16",1500,56357.6439050031,96.9,15.2558512925885,59.9896784058871,0.0278778611363311,0.770248960672815,0.144922826969943,1835.40860659611,0,0.504910808701356,5.98950017087685,0.00496076619870001,0.0180382866873219,0.0128423622290457,44.2764107821778,0.54718270750566,0.788329275065146,0.092079969242599,0.869964543551625,0.169785125379128,0.947904652056901,0.684359741133787,0.0286865953775021,0.0265121763458163,0.0198102340735309,0.0224552269525763,0.0196860093017625,0.0146989216334539,0,1.24681287605867e-13,NA,0.0741935483870968,7
"17",1600,46662.415957299,39.8,10.0627418298708,58.5438617378019,0.0371351469333492,0.775085818600314,0.197104986407921,1530.34467632866,0,0.439478363436754,6.10452395744674,0.00869396932483928,0.0185584870654591,0.0156490883643045,45.1202135493373,0.530375552282769,0.814222596254997,0.0379234167893962,0.857116557963392,0.178150641699979,0.95707973911214,0.849990593067892,0.0331651954749509,0.0257492859538123,0.0105404932101055,0.0230843617574989,0.0235126887324561,0.0113537524034006,0,2.22044604925031e-16,NA,0.0741935483870968,7
"18",1700,54475.0553061224,245.1,14.9433333333333,98.2030952380952,0.0140221088435374,0.737551020408163,0.070187074829932,1582.544078212,0,0.547572455266358,7.34425934884064,0.00309628067574105,0.0172856529334013,0.00775877486910874,43.336243165601,0.576220924844778,0.771012881104624,0.134111759799833,0.82787508108609,0.231396534148828,0.957853767028079,0.671538560799691,0.0272072234653203,0.0236932661418052,0.0199457293465922,0.0225677548499235,0.0222616364348283,0.0102096380198168,0,4.83061325043775e-07,NA,0.0741935483870968,7
"19",1800,54570.4605368719,154.4,15.9177079202899,91.4991285744585,0.0284942319928442,0.773982645260644,0.15953081342272,1679.6939199365,0,0.547388564323714,6.82738646227607,0.00470362368145984,0.0148090605787205,0.0124967917070586,43.4183342697843,0.557029865583265,0.851903876907118,0.0927950901153996,0.865215887971647,0.147620694126291,0.946773566149458,0.665853423650103,0.0270596711871824,0.0206205936914699,0.0165172813973018,0.0188219489624776,0.0188096457207348,0.0155338471582315,0,2.22044604925031e-16,NA,0.0741935483870968,7
"20",1900,61196.5730461643,73.6,18.114797105742,59.1682816400795,0.0591545719967842,0.813091863072822,0.17016883171836,1784.05313277936,0,0.504907785161806,4.55615989711935,0.00655231739171266,0.012005820930969,0.010977606547316,44.7659718593354,0.523640867831775,0.799744527666493,0.140045288277304,0.827459405059126,0.192281638893727,0.96177591979717,0.596760293589893,0.0232036524644329,0.0189836249370287,0.0168985495808136,0.017842374477974,0.017110471967169,0.011197392968073,0,7.57104043112189e-11,NA,0.0741935483870968,7
"21",2000,81198.2962145262,387.9,34.522561314254,101.06179763725,0.0215911194608048,0.845283070615097,0.0606457451987357,2074.47216918327,0,0.68708974098677,9.72289197363451,0.00432647731162136,0.0127333594273635,0.006923308214335,42.6152973218339,0.549638193906705,0.863675202264292,0.125684227390457,0.895009479052629,0.23817788577074,0.961509706015861,0.518090667345935,0.0223240621165623,0.0159169297445879,0.0151623004529967,0.0131055496262423,0.0168206176375593,0.00859829560973278,0,1.9356979421096e-05,NA,0.0741935483870968,7
"22",2101,109212.53803277,1428.1,44.957653424942,103.305603736198,0.0114454754166456,0.892679723153091,0.0280495540250015,2617.92332787486,0,0.600560681458649,9.89426769795348,0.00284137949575581,0.00878844192531884,0.00383948602577156,41.2977719230077,0.542414966308746,0.817792393642731,0.147236938123715,0.919956026043197,0.436697404209748,0.967853521233545,0.443263417842773,0.0187480331126395,0.0156148491344957,0.0160684120396621,0.0128720701644923,0.018555401046976,0.00680628429022777,0,0.0106785214584221,NA,0.0741935483870968,7
"23",2102,113709.743487205,2343.8,48.2908270572711,70.6542470742122,0.00251234564344284,0.923828676466351,0.0208017609468547,2355.56901473142,0,0.576911371354453,7.59809529100096,0.00108879885549245,0.00788717561528732,0.00479151952030815,41.6565420144884,0.549863837815709,0.775403591833829,0.0830500329281099,0.946478472135699,0.511346848690885,0.965078404499582,0.425345139691196,0.0188379399266066,0.0164645702771245,0.0112406194844337,0.0106030419101968,0.0189603233357595,0.00713055553699423,0,0.00655625737889103,NA,0.0741935483870968,7
"24",2103,152181.149339155,4381.7,57.1765984572629,55.0120612325387,0,0.960358443321379,0.00343951498252726,3960.59387121319,0,0.560831295220529,12.3574111875861,0,0.00789006297325458,0.00153742930036845,43.1725754512095,0.541631094136149,0.704440949599341,0.0553283906238299,0.989590354227514,0.672642851793604,0.97130232906463,0.483293674510263,0.0225058138026421,0.021742131311412,0.0112012250715043,0.00401779264172954,0.0221050301467403,0.00671586137704861,0,0.142113417786425,NA,0.0741935483870968,7
"25",2104,90493.5882845366,3922.1,38.8410634622924,142.011740894978,0.00235241758591093,0.862404764175435,0,2404.45160903455,0,0.778486509640081,17.4216061327825,0.00135841707137486,0.0144106327074499,0,42.9212879252857,0.564636796443442,0.786573329130932,0.226382230479571,0.834148930876035,0.425078380306222,0.945473848348622,0.599881826968494,0.0250349158308217,0.020446291393791,0.0249775815937097,0.0235468722820909,0.0245134078916109,0.0116308064239598,0,0.536304010640895,NA,0.0741935483870968,7
"26",2201,113224.883492879,2791.8,45.9921116707248,86.1942146692905,0.000879723825089223,0.914174810713452,0.00298105466795637,2046.67903011061,0,0.504730649327283,7.42206771269117,0.000364782614200668,0.00700709457872614,0.000989954931198106,42.2635291538516,0.547439890129021,0.793598596952757,0.123708016583812,0.934722195356275,0.461709576958044,0.95331128176361,0.361338654956633,0.0160355154747186,0.0141501818200953,0.0123418156765087,0.00936624873190521,0.0161677105488045,0.00879968987663742,0,0.0878331398346421,NA,0.0741935483870968,7
"27",2202,86677.8250445969,1484.4,37.2534860933142,141.259164342604,0.0142157232230346,0.833250420843697,0.0268887716389035,1555.10838144375,0,0.604679747986187,10.5466370979571,0.00324202918099049,0.0103150446302303,0.00392812517999314,41.4395722424582,0.552115438498179,0.8328663491174,0.176940319417204,0.91776407957411,0.36848946172286,0.954188848416924,0.409720186154445,0.0168380319109592,0.0132096309433995,0.015149444304214,0.0104229284261891,0.0158871605936569,0.00799088324669848,0,0.00269768931281695,NA,0.0741935483870968,7
"28",2301,56524.167019774,2739.4,17.7845383121469,130.475812146893,0,0.739384710451977,0,3073.64281160894,0,1.00836035166545,13.6901040725134,0,0.0241843900219085,0,41.7718705414132,0.594177867888163,0.519961953392906,0.421541388200546,0.603113814422668,0.176090711121123,0.901904833420941,0.758827801062287,0.0311828827815118,0.0321861917049884,0.0332011461643818,0.0329120101733184,0.0228250628698642,0.0182602739656927,1,0.775104617402898,NA,1,1
"29",2302,99632.7601928519,7661.7,31.3096111518709,233.440729483283,0,0.685944869510533,0,5792.81425653002,0,1.42606555268578,22.5747172751348,0,0.025521536155739,0,39.7720164110638,0.654398740405432,0.660757270676578,0.373336563062995,0.735242910995716,0.406930797995549,0.927421918762206,0.491579247686453,0.0225468165108752,0.0244921102476531,0.0259753670132481,0.0249634287986095,0.0236656952018977,0.0138028791059289,1,0.0709842173181158,NA,1,8
"30",2303,45073.4489531893,3705.5,19.1985469289873,125.032027515264,0,0.788358077086916,0.020604894056766,1589.5536721802,0,0.610954504828213,9.93756482164987,0,0.01558025431931,0.0058072929823478,40.9722693336597,0.605353802038711,0.498522546465477,0.632437536062106,0.52161977864424,0.0641512073155806,0.920077631878027,0.588005710997541,0.027605749613658,0.0292616901361428,0.0270089973511396,0.0294083212002389,0.0126874799376495,0.01423525483798,1,0.289785852942998,NA,1,9
"31",2304,138086.342815689,6073.9,43.6184165981525,79.8030662088311,0,0.896300236978285,0,4797.83480529285,0,0.795275370533425,10.0776455452576,0,0.010926631485469,0,42.9499626587005,0.580358476474981,0.711874533233756,0.260853871048046,0.838710480458053,0.431839681354244,0.958551157580284,0.47388973185353,0.0217219260323595,0.0209976390396255,0.0211571291077016,0.0191211869434876,0.021544577010912,0.00784101179563962,1,0.550494294965979,NA,1,10
"32",2305,111935.464983643,4827.2,43.2112417127472,88.0777916099708,0,0.912220259980892,0,3334.87032139119,0,0.893263425976844,15.9517517962293,0,0.0135456587020007,0,44.3747625124061,0.528427619452715,0.747171416418545,0.230526017297604,0.88219197504608,0.489437118956472,0.959208847299022,0.619750664031347,0.0243026600544768,0.0225188900863773,0.0243504379520411,0.0197274634751987,0.0243394273846732,0.00981449755241499,1,0.232159403576891,NA,1,11
"33",2306,144370.031425871,5704.8,46.5513651952163,71.5063313401337,0,0.905931234611326,0,4972.20825546816,0,0.89693085557373,11.3175903883913,0,0.0125112707887969,0,43.5326307108292,0.604611111784896,0.585436551732502,0.368682764726572,0.800856245376154,0.424084023625581,0.964149272919118,0.565281123451027,0.0214555766995947,0.0232352713490164,0.0235886514582739,0.0199856680095278,0.0213564584309752,0.00861677695077904,1,0.547114805309671,NA,1,12
"34",2307,50352.98170653,6409.9,17.1151455916794,142.572611429731,0.00236044774743209,0.747358327032659,0,1432.40734326122,0,0.517357123840549,9.79718698313796,0.00118101459807569,0.0160748412412861,0,42.9054760281754,0.627667265704075,0.601536840800645,0.646175455991407,0.532337691846894,0.0906405568982256,0.933961289789511,0.645048269910403,0.0269724373205558,0.0273326787811974,0.0261145186122593,0.0291532168875915,0.0143080584429908,0.0125103817085436,1,0.915232412901298,NA,1,13
"35",2308,55357.3819297326,2729.6,25.7126054503899,142.315694359021,0.00374344138438993,0.808120154597295,0.00348527301305269,1438.55863505579,0,0.623258219430881,11.2806181274281,0.001422690904612,0.0141934669062319,0.00135143215744163,41.9880564734154,0.51986782817663,0.335884650045059,0.349774707119255,0.811006308200661,0.204157404626014,0.91269450285371,0.481017680276363,0.0222051903466638,0.020940592368892,0.0222941592230608,0.0182131693187989,0.0176837449989636,0.0117325541160551,1,0.166527838670907,NA,1,14
"36",2309,71694.9227725644,4298.1,31.6789509663787,126.011331386075,0,0.838636504878503,0.00176081867710729,2146.03582392885,0,0.782811370653529,13.1203685173971,0,0.0157293505203688,0.00124532216554391,42.455836804443,0.549467763181317,0.612997970735875,0.313912919648261,0.810281604898715,0.224091281284489,0.961995799067251,0.578816599938265,0.0273470361699017,0.0277528861669711,0.0283804770350762,0.0236281649616948,0.0221358673210278,0.0104104719750022,1,0.395054654352536,NA,1,15
"37",2310,73708.0449604173,4885.3,34.2205899323747,117.01998753664,0.00664712534908948,0.840780575622591,0.00107323378032174,2708.6505841853,0,0.891430772767696,12.8161570930886,0.00271058824640107,0.0169673628637898,0.00107351149286822,44.0032238200456,0.549063643278879,0.602129894591951,0.332777918643822,0.702140761401094,0.19332053464701,0.963849748252255,0.639028012267461,0.027143007759627,0.0275989660968792,0.0274539952491824,0.0273236204341563,0.0202910773785574,0.00863157927728676,1,0.984617051194545,NA,1,2
"38",2311,89040.9968704361,4868.8,34.0456290423534,119.56488629251,0,0.831013978718965,0,2846.03149985562,0,0.839617806382522,11.1821105135698,0,0.0140828184874349,0,40.6041484288907,0.581789344675943,0.686838934261615,0.386314716211623,0.768767315159068,0.323120178790282,0.95274828264519,0.436579591812291,0.0209361474895432,0.0195579138016864,0.0218410789102133,0.0193046101282187,0.0188847878468181,0.00868516536105821,1,0.519441837463243,NA,1,3
"39",2312,71832.3174026466,3545,30.7786033457025,116.777759601891,0,0.852052105485196,0,1713.61841183093,0,0.649342208496729,11.4116671447375,0,0.0137064727410419,0,42.9409762289407,0.553557004384953,0.678787791368567,0.214429956150473,0.836458573736441,0.214083775675052,0.956727440572352,0.50497733993737,0.023393234180091,0.0220460078006656,0.0223171552310877,0.0199669305542686,0.0186267857984827,0.00789713384166574,1,0.573426448824571,NA,1,4
"40",2313,65754.4112884045,3004,32.2888284505848,104.187857416159,0.00459147268383988,0.847643767903124,0,1408.12088305328,0,0.776127663627478,13.3581253769819,0.00187455547013118,0.0145275979161083,0,43.8155513532199,0.54208096951951,0.719229752536652,0.39228125826064,0.786189227109132,0.203542162305049,0.95896622542142,0.54602695947025,0.0265300045045498,0.0239974834230432,0.0268603324349279,0.0231044049370955,0.0200796848832872,0.0100765288149759,1,0.225089978946678,NA,1,5
"41",2314,80994.9368880003,1777.1,35.3562515808111,96.8545774266203,0.00258349693473207,0.874378214315825,0.00288460380358197,1923.20022906371,0,0.645972883603845,8.49710745101622,0.00105560896868035,0.00992007547570293,0.00107709600528822,43.473848774529,0.502280597550179,0.491230626127691,0.156571146798758,0.911970055249857,0.27381739529984,0.962300097499748,0.415402084766518,0.0202721995284159,0.0202561249359701,0.0165524021216344,0.011974027499298,0.0175436111895519,0.00720259816660845,1,0.353622401945201,NA,1,6
"42",2315,107553.643910823,5083.3,43.9204020624435,67.5227870681861,0,0.921200322562252,0,2734.11489479641,0,0.655278022580795,9.30601101795649,0,0.00957996420060281,0,42.5021328877531,0.577501474346373,0.64521328877531,0.325368586593277,0.789944957735404,0.357528995478671,0.94780813839198,0.452558912456378,0.0193979413557084,0.0198900083828456,0.0205779774626418,0.0185419086880483,0.0179688318818735,0.00813548397582364,1,0.695731329248676,NA,1,7
"43",2400,76013.0260687685,357.4,29.9398530762167,107.505271570928,0.0260602659592559,0.816761895044723,0.0659796619392579,1593.47033608268,0,0.703781095730536,9.32949868119179,0.0048364357596164,0.0142947566243476,0.0084165312799793,42.9053448334409,0.586658290604095,0.797446432816055,0.175965228021325,0.854137661720262,0.202400760637034,0.943054093517607,0.553060975272478,0.0241268714537587,0.0217091328140223,0.020314285585934,0.0197887751549507,0.0182801636056791,0.0119884436017246,0,1.10021087789261e-05,NA,0.0741935483870968,7
"44",2501,59186.7236265628,3254.9,28.2403500231528,121.222943851442,0,0.797715588378471,0,1503.4279049967,0,0.861586827009972,13.2408777588915,0,0.0169476024328688,0,41.6506617513749,0.549314075058923,0.604142744908443,0.196153381277573,0.817761527769384,0.271257629781834,0.933492475977519,0.546106138944277,0.0237402676749246,0.0238480117088343,0.0199053364810826,0.019000837778929,0.0209709873627289,0.0123437818479272,0,0.241537640732321,NA,0.0741935483870968,7
"45",2502,46713.2869344893,3999.2,15.455506398646,181.302592119719,0.00800696774448964,0.665271138295872,0.0052752951888912,1764.17545388903,0,0.592953128306418,11.134893427278,0.00259841208233791,0.0170367818056385,0.00253111764229099,41.6119813760993,0.573243662700466,0.520993274702535,0.46534919813761,0.630750129332644,0.127304707708226,0.916213140196586,0.650892438231331,0.0276413108674674,0.028151073125578,0.0286681234288146,0.0284159661403998,0.0165576376464947,0.0148182220450392,0,0.276740737302405,NA,0.0741935483870968,7
"46",2503,85838.0835378541,3173.3,37.3397201621939,104.699354425652,0,0.860821373312703,0,1946.16606978869,0,0.617752834388338,8.93838231879562,0,0.0105475398058417,0,42.9356793027258,0.543676370264023,0.734357658510757,0.191923511622934,0.880105079879036,0.356406105222429,0.947500789117309,0.47638444778337,0.0192722030785086,0.0179072631607546,0.0174726100372786,0.0140508010480054,0.0183016763622733,0.00824862962801384,0,0.0740152908270764,NA,0.0741935483870968,7
"47",2504,75416.6846190704,2756.7,33.5102511344739,116.530905606133,0,0.820062572225824,0.00214211223540686,1616.2396588707,0,0.654961005151999,8.16063951947634,0,0.0111490525176881,0.00107060875423464,41.9227640576316,0.591016499027624,0.671514606553606,0.34108446080174,0.822232910227724,0.276656698939796,0.948599987453211,0.439778929524333,0.0190662109730542,0.0197556320713945,0.0200428884337646,0.0157426029841652,0.0167326746126253,0.00857607691248633,0,0.0187372223712058,NA,0.0741935483870968,7
"48",2505,66957.6295691656,4759.5,30.5727495344744,145.136086523991,0,0.776624237940974,0.00452771471571053,2028.89658317212,0,0.995744708263333,13.5268025442184,0,0.0189210534243965,0.00202558778064135,40.598506773399,0.581834975369458,0.627370689655172,0.365040024630542,0.783512931034483,0.248706896551724,0.933713054187192,0.556603092937227,0.0246956462139067,0.0254586425432554,0.0262401623257909,0.0230611982739125,0.0191869259277544,0.013360258952385,0,0.0145740390957802,NA,0.0741935483870968,7
"49",2506,84718.3367999461,4078.9,38.4083423083827,139.729682732005,0,0.844395081672949,0,1953.70267735528,0,0.580662868269699,10.4303638717906,0,0.0108024578990832,0,42.7967303832739,0.537547982307437,0.671537966914129,0.154332534440093,0.912228912141229,0.337863642563473,0.946201360067029,0.466791504965246,0.0192762132818424,0.0185352084887988,0.0155341506673076,0.0112144268045113,0.0173852097474534,0.00903265698158704,0,0.0476381413551508,NA,0.0741935483870968,7
"50",2507,108779.891840265,3853.7,43.6862597886414,67.3277009047366,0,0.921462784155706,0,2787.98777665118,0,0.717366690502242,8.68262747281597,0,0.0100265121922856,0,44.3719248361973,0.562368648782297,0.78192607244406,0.135539003585116,0.917774137717889,0.383468290270738,0.962433551736927,0.528114263983154,0.0226594948545886,0.0217939363410342,0.0191800274441926,0.0160565310342075,0.0218414195075782,0.00837751468860363,0,0.134946866885025,NA,0.0741935483870968,7
"51",2508,80684.9845003454,2123.6,39.1141870199537,88.4110212541147,0.00263339700085342,0.879302637460885,0.00481976673304344,2192.69614619778,0,0.736601025990942,9.16029193113063,0.00131641401839313,0.0110400150713878,0.00246699596552067,42.7151710072168,0.532663947285849,0.628333856291183,0.178224035142767,0.86568873548792,0.325384374019454,0.951443363664889,0.500744321427991,0.0235821935328762,0.0235208667661942,0.0202176536010969,0.0180819323052587,0.0216966743909324,0.0101254481588015,0,0.206449831077938,NA,0.0741935483870968,7
"52",2509,118244.998732255,1890.9,47.2356272349993,66.8470213961944,0.00195543755157691,0.926207647136211,0.0033667013502685,2480.15873358574,0,0.637086657995179,8.31146749504268,0.000913350577123757,0.00807465703576366,0.00119228651277248,43.4972299168975,0.556298533218292,0.89940284274102,0.134190091276509,0.939217110939558,0.409802007174969,0.960231142999864,0.42396523064447,0.0195338819931864,0.0116451993112126,0.0164392763864857,0.0100694856741954,0.0191520961565668,0.00814626430139812,0,0.0223083741935702,NA,0.0741935483870968,7
"53",2510,66028.0929830175,3862.1,29.5228902241026,126.430239034854,0,0.822898519808962,0,1659.72318039677,0,0.731224258850139,13.6390828557377,0,0.016578777577673,0,43.5202524550003,0.543110428301534,0.79853426619885,0.156891647808666,0.899080283181431,0.21205389582079,0.942990013909938,0.590617068075653,0.0267301796322859,0.0240915267892714,0.0220810513251762,0.0170465715872425,0.0210779937054749,0.0122825597880522,0,0.0158029425580588,NA,0.0741935483870968,7
"54",2511,77803.5536012325,226.7,31.24939933606,74.9693707242815,0.0212112319571557,0.865001925792785,0.0712726739174293,2068.28327856247,0,0.726139569091662,8.03739152412914,0.00400194289131774,0.0125501635852779,0.00767558282081556,44.7240775385105,0.557795645424511,0.955797476416033,0.0679656092027226,0.903037057676233,0.237809974923377,0.954065995303109,0.601014062170877,0.024487696432448,0.0102902974043706,0.0149650965986501,0.0173135138289998,0.0187503880582569,0.0139183665715197,0,9.97142949082339e-07,NA,0.0741935483870968,7
"55",2600,71156.2014087943,450.9,27.6022900530585,79.4879398670489,0.0214063548210038,0.858213392693785,0.0793209123620174,2047.64559979657,0,0.589738370460111,6.83326964587363,0.00397497821616359,0.0108471390048415,0.00869356279899813,42.440957161655,0.57044690287051,0.896145036307812,0.134282047533181,0.891141543609988,0.208359731630846,0.940949039101971,0.550279202103978,0.0236772264167068,0.0155393601965034,0.0199802761870592,0.0148828865024414,0.020486982246416,0.0130644122984314,0,2.86982020625228e-07,NA,0.0741935483870968,7
"56",2700,63003.2714362612,86.6,19.1224194161231,71.4254955354316,0.0700003166360585,0.798999430055095,0.184123868026091,1715.83566480603,0,0.506832258082058,6.93047956102964,0.00755684011917652,0.012858960105404,0.0115917766282887,45.8788152523235,0.545574567879788,0.915347867627899,0.101728480847737,0.872630938938591,0.235959350299661,0.955771736298098,0.583434969815456,0.0232779916368626,0.0156467468059446,0.0153311067469166,0.0161973188753843,0.0189061301509777,0.0111923257318087,0,2.59237809910286e-12,NA,0.0741935483870968,7
"57",2800,52590.8390090911,58.2,12.7299052745343,83.4949882387845,0.032687702642565,0.71848312106635,0.0967068596494946,1724.36736481716,0,0.467370963617019,6.52520367362997,0.00432368831862096,0.0182917800362635,0.00822377131254509,46.1194353692296,0.552460283811756,0.796593261341248,0.213607003017682,0.832580991096591,0.184876674065391,0.947103274559194,0.685204950033187,0.0258356036163186,0.0227915547890788,0.0235938004402947,0.0213465456840666,0.0185628917503942,0.0149061164190184,0,1.58589297029134e-09,NA,0.0741935483870968,7
"58",2900,58691.7883757218,1000.9,19.2053728495185,103.614896091118,0.00318037707345677,0.766053450212191,0.0127513243288907,1609.6234141202,0,0.655496151498844,9.21357307651324,0.00159024335029454,0.0167718762260772,0.00306832736710484,43.1971889702817,0.521549242649832,0.735393961050563,0.179580330732734,0.836162229765946,0.239552935104123,0.956782403271594,0.614489859667095,0.0264300502428765,0.0263713135511779,0.0239650671203786,0.0230106481506562,0.0205028754402161,0.0118991872601366,0,0.015150151181556,NA,0.0741935483870968,7
"59",3000,57809.4694330801,744.5,19.3336879018118,96.4412624196376,0.00879018118059614,0.813255406195208,0.0294681472822911,1886.67060432125,0,0.690101221567142,9.58051979150495,0.00320105020888891,0.0162444539637765,0.00497155326536737,44.1066472220915,0.534929670226278,0.822764265888884,0.319918144611187,0.815049160276615,0.268029355035988,0.950486898433457,0.651007158886551,0.0292550509895667,0.0241945160710652,0.0301087730118443,0.0267419921024244,0.0245098528800408,0.0109908548179763,0,0.000908973854602083,NA,0.0741935483870968,7
"60",3100,53581.5454765148,45.9,11.7165077551738,68.6191177116745,0.0479700338327695,0.74010281646821,0.127213410079529,1853.68971310974,0,0.409179525136823,7.02695824926839,0.0060968939600836,0.0163992645684727,0.0109442804107879,46.1671605323352,0.552661676024121,0.848019338739863,0.306950509461426,0.819920981493034,0.217638802245789,0.965819297151175,0.686203514256628,0.0280535882431946,0.0215792125539648,0.0272633653742287,0.0216310431756214,0.0237271834742791,0.0111336819340453,0,2.51241121470996e-10,NA,0.0741935483870968,7
"61",3200,83672.652100123,1195.2,25.9806197217451,44.9988312889359,0,0.864754723117105,0.00935985121800018,3458.54601552355,0,0.707904702711067,4.91400971621382,0,0.012422220929225,0.00408408884314179,45.0201297841346,0.535728474941824,0.830580623190873,0.290633217927616,0.852034735229014,0.290576461017462,0.96976748585807,0.599193798918989,0.0257195971340492,0.0186618855684883,0.0253224810597747,0.0193513890741545,0.0216911356153267,0.00966002258676905,0,0.00849520556109249,NA,0.0741935483870968,7
"62",3300,55322.8396152944,1334.7,14.8040628665259,62.6344827586207,0.00602392681210415,0.859404175463289,0.0239080459770115,1446.60068512298,0,0.413723790495171,7.34394418296211,0.00229483862381375,0.0134174524175588,0.00580246489283372,44.0002406980243,0.545903119045231,0.82828201785177,0.461799217731421,0.715414702637649,0.136836826797713,0.957075519005115,0.61372476007322,0.0270444681310665,0.018826865825946,0.0276309096682452,0.0266051617072377,0.0168483716251047,0.0103020560940218,0,0.0843930832220754,NA,0.0741935483870968,7
"63",3400,54933.70218428,47.5,12.0670186494082,52.8848037128502,0.0158179340883931,0.805692753129524,0.0500936728263646,2171.42634901662,0,0.469828197788164,6.19154285961972,0.00323121929134659,0.0157215523389093,0.00621138191921948,45.1351694556537,0.555718599204222,0.791319806981404,0.523464175861388,0.732229026159099,0.149053249428563,0.955103422975986,0.724729093190427,0.0295454946280731,0.0233849366968857,0.0296010636810195,0.0258918591920488,0.0178472237758044,0.0151514948020692,0,2.64404033667552e-05,NA,0.0741935483870968,7
"64",3501,90158.5407018771,2243.5,39.7007461816486,110.611868951848,0.00207531771015507,0.845505421476041,0.00209863588667366,3055.62472363715,0,0.893783744430873,11.941837278717,0.00146701163059246,0.0146356756113018,0.00121204842859845,45.2338910426444,0.531911854723526,0.802081207916752,0.58618649255254,0.91732299530708,0.463823709447052,0.953784941848602,0.598865127844679,0.0252146029464187,0.0200293899673777,0.0241153416796272,0.0154676063507087,0.0248736110336142,0.0118678373986014,0,2.80930288091682e-06,NA,0.0741935483870968,7
"65",3502,40636.1077511524,5199,18.5202687240511,128.617640328223,0,0.642698355618033,0,1950.01588800891,0,0.822233668663194,9.59471338147067,0,0.0217654345981146,0,44.3464249122916,0.530069235306902,0.786581390294638,0.864106305690956,0.729640783631904,0.239280946319352,0.960135365891521,0.76427917405857,0.0319542526590763,0.0247787498386032,0.0204424349463155,0.0280951715663104,0.0274595145706141,0.0109125498544494,0,7.88561946998176e-08,NA,0.0741935483870968,7
"66",3503,39653.2086709234,4568.4,17.9589257927778,156.360465740194,0.00474861833986157,0.659145785265869,0,1283.24010426982,0,0.673640494379112,11.6326993008019,0.00194052306110822,0.0219113186196136,0,43.9656797583082,0.521963746223565,0.638277945619335,0.681480362537764,0.789969788519638,0.172447129909366,0.924592145015106,0.774221896076032,0.031764821180878,0.0312265839959099,0.0282413845495346,0.0266975359629976,0.022421940224545,0.0159291205862237,0,1.10958994821734e-06,NA,0.0741935483870968,7
"67",3504,46305.317701309,1705.9,24.1937489706989,106.771844552159,0.00382343646374412,0.826659010891675,0.0030267017407986,979.850027974552,0,0.463639293475301,8.03855145228438,0.00157201254591165,0.0105009639203286,0.000892022140442674,41.9690406639207,0.60161091215762,0.799735996186612,0.807106102643705,0.764621044526199,0.172946942566948,0.927337839324346,0.449157098690103,0.0203333692697848,0.0146608492109922,0.0170423142635637,0.0176644180460382,0.0148617778861553,0.0119650564571076,0,6.91378342426718e-05,NA,0.0741935483870968,7
"68",3505,48801.6207996246,4742.2,24.0637127538474,109.154841456738,0.00112965875615881,0.815570173532964,0.00253738735998749,1503.61339113298,0,0.56560490562527,9.98052705204041,0.000799030248587942,0.0144892122059729,0.00128563314821898,43.9541583351848,0.537695326964378,0.770291787010294,0.865603939865215,0.784862623120788,0.205713545138117,0.938846922906021,0.561198144323365,0.0253763549858952,0.0191974617553011,0.0166642671568273,0.0217145265813381,0.0195141249029432,0.0117738316305493,0,5.05560550572547e-06,NA,0.0741935483870968,7
"69",3600,60487.2046574082,79.4,21.1893157066975,69.9038547137897,0.0787634647912401,0.819668239413632,0.176689219264667,1672.68451512074,0,0.563513085255021,8.2235071829489,0.00801970522305868,0.0130499012018543,0.0127271004186507,45.4883524195949,0.549559005530055,0.919963028527564,0.12047060297965,0.872526749486943,0.215499819842401,0.962997195807811,0.653651565191698,0.0246139585075215,0.012461523370358,0.0154484757364254,0.0159159699985662,0.0189482623002983,0.0121033396351218,0,3.90002221584268e-10,NA,0.0741935483870968,7
"70",3701,72800.4172225445,489.5,23.4074100928074,98.6863399071926,0.0277938901778809,0.808089230471771,0.0892183874709977,2516.81019659135,0,0.621679372164947,9.87121223903838,0.00506696402415002,0.0152089756943514,0.00966039765967411,43.3989007214016,0.5444177258674,0.772037100652697,0.13461582503149,0.893828008702622,0.265178060231307,0.978632772243215,0.682457245738038,0.0276258500414605,0.0250191722331506,0.0192323861555748,0.0187931193502748,0.0239150123998134,0.006216879855012,0,7.81693823122383e-07,NA,0.0741935483870968,7
"71",3702,70096.657705383,2513.1,24.1109767034434,193.337956493628,0,0.730285523598974,0.0113562892360314,2762.51664661128,0,0.742536530448367,13.6685634252424,0,0.0173324592377743,0.00385025900101295,40.2735379116283,0.538101756787588,0.577135143356909,0.192257966385276,0.936991406190585,0.234922807818085,0.934120465434634,0.566302420629066,0.0272507237205483,0.0269003193619069,0.023634660918705,0.0133646543334252,0.0229120991538323,0.0129338425333512,0,0.00029460908052811,NA,0.0741935483870968,7
"72",3703,62845.259007608,681.7,16.39209212562,206.593776416734,0.00877234955420515,0.621816035854985,0.0374499577332249,2185.94922133914,0,0.805943300590079,18.3133260433276,0.00225504745597554,0.0236005331362245,0.00588148977356502,41.1730751384292,0.5353729080954,0.809663748569307,0.109846258545488,0.969715717511678,0.252575246697807,0.962755591301389,0.682911649221303,0.0353014525797732,0.0263810031410048,0.0200483980955757,0.0108550539964299,0.0322889739200727,0.0147223258394173,0,1.50517897330694e-07,NA,0.0741935483870968,7
"73",3801,45190.6431490182,2840,14.9530310218699,122.066696255031,0,0.719012564852084,0.00517286236819149,1386.43613267777,0,0.566007878913473,11.6673325621414,0,0.0207901062649733,0.0026006204726069,42.2181160246182,0.523905858217461,0.704980624572601,0.322515386368817,0.742420788693868,0.152439024390244,0.924863232277183,0.797133608658125,0.0325391699318828,0.029357321700787,0.0312139330344705,0.0288434566803576,0.022244889006301,0.0191620183515722,0,0.00909260742278039,NA,0.0741935483870968,7
"74",3802,65358.6053581455,256.5,25.7569082377477,81.4750942488169,0.0131246490735542,0.819443330392235,0.078517285634074,1910.8392645829,0,0.639003306780747,6.5178212539718,0.00291560022235533,0.0137858169150392,0.00745395370816455,45.1968542591211,0.549581746062915,0.903507049444292,0.0901504143266701,0.895436515728704,0.267859246750187,0.970840042414484,0.548342309922493,0.0243887949117282,0.0153482098391442,0.0170052625176205,0.0184479702206935,0.0204557524838099,0.00947641900702739,0,1.47633467879567e-08,NA,0.0741935483870968,7
"75",3900,60168.955420884,47.6,19.614113018371,53.7590823999746,0.0895786400989942,0.822349842941904,0.184416346733509,1621.43371762278,0,0.574847888577906,5.40125514270348,0.00865712732789216,0.0135477086239141,0.01262664964896,44.178079031886,0.509750341572475,0.786184502368827,0.168426282449385,0.801568571783452,0.186081587025569,0.957715989140657,0.613431828678702,0.0263295143304952,0.0217521501806381,0.0221850559621641,0.0228696411447329,0.0193905187748321,0.0105128339495781,0,3.83623263559419e-08,NA,0.0741935483870968,7
"76",4000,67290.3338466542,1703.5,26.356276542832,175.645732103914,0.0223246738340284,0.74720702452462,0.0353043578069403,1973.7422661619,0,0.787305592202149,16.6508559168684,0.00626685341531692,0.0172323138761438,0.00720634735145716,42.5362730620409,0.577378170738546,0.710282819597361,0.220180570873133,0.874254631100809,0.388825541619156,0.955623679832514,0.646393092394538,0.0254565647367699,0.0257097717752389,0.0230717999796343,0.0193789615557134,0.0247897750878498,0.0115680261216565,0,0.0033375441814733,NA,0.0741935483870968,7
"77",4100,48841.8109435183,104.6,14.2198994442974,83.5032048454912,0.0181632413042839,0.778821557731322,0.0789450471906148,1347.85524064528,0,0.512393078080633,8.82577045583353,0.0029567263816145,0.0159976720189388,0.00712573035606904,43.7622536491168,0.530546562920051,0.772514719524432,0.108479581984438,0.829083129815793,0.159633479108688,0.91295128831336,0.630197614256068,0.0288098921892854,0.0294461934934677,0.0185858702641743,0.0211949221249435,0.0187352068717908,0.0189348318420744,0,9.61281523023336e-08,NA,0.0741935483870968,7
"78",4200,59615.5274086379,211.5,17.2106440071556,55.0105417837976,0.00527089189879888,0.859666496294403,0.0288461538461538,1486.0159688894,0,0.47851091668235,6.4949157000908,0.00186799920281102,0.0120168774299874,0.00602864662530852,42.4991203090708,0.544846099432282,0.902707997025375,0.0319046668964141,0.898953439863603,0.160956233109027,0.939528050350969,0.628080767987599,0.0254557308883552,0.0169798026941524,0.00798040519653676,0.0159583812029442,0.0188634046594006,0.0152575229621906,0,0.00675749534047615,NA,0.0741935483870968,7
"79",4300,80591.6328928543,1961.6,23.5741435443352,100.139691552041,0,0.751810920725044,0.00486667342593531,3940.37559242103,0,0.842276516729157,8.30680299643359,0,0.0170471062798424,0.00242954414577637,43.1046164134501,0.510626737163278,0.518359072955633,0.102213119893001,0.885206160790788,0.24542851769033,0.935236463187812,0.640669605323847,0.0281313161022133,0.0282265777404512,0.0160963455706543,0.0182678941405534,0.0231234899937792,0.0129604108168812,0,0.00616132738767914,NA,0.0741935483870968,7
"80",4400,59107.3017391304,1193.8,18.646402173913,61.8798913043478,0,0.83620652173913,0.0161195652173913,1613.03506751307,0,0.608451072226206,7.02871787454053,0,0.0148888364465902,0.00362937638465366,44.1129749301068,0.594504789403731,0.644392501947844,0.147600714973188,0.832943764608827,0.161716852284706,0.935262844310005,0.636641130170266,0.0264701650439397,0.0269740476492241,0.0202922316703993,0.0218848658850528,0.0178158813721145,0.0162236886965079,0,0.0185661822701512,NA,0.0741935483870968,7
"81",4501,110664.929338361,1586.7,42.198649951784,86.4500064767772,0.00245397890009931,0.87260179334763,0.00726118683343168,2897.151778951,0,0.796743002879368,9.24056809214036,0.00109798733631523,0.0122692313194698,0.00273069279386477,42.9379743693582,0.578296254686541,0.809990986165724,0.159884518413043,0.89511293419901,0.38833949496401,0.969444408156867,0.594822386764161,0.0241651673534734,0.0221574059928384,0.0190404455109165,0.0178697945232006,0.022275045484323,0.0107956084802636,0,0.0344869282855436,NA,0.0741935483870968,7
"82",4502,65303.5089421613,240.6,22.9499891280713,76.3432811480757,0.00765927375516417,0.831235051098065,0.0294520547945205,1625.19633909868,0,0.562556458096902,7.50286444479719,0.00195296193866887,0.0120711226297369,0.00420817974528638,42.5165064352792,0.572962905132609,0.844582989449265,0.129765117887176,0.822912716646963,0.142423769266802,0.941714438669671,0.466544015458394,0.0209557756761072,0.0161580774453826,0.0148257581911922,0.0164744274796102,0.0134344624343125,0.0110359073464736,0,0.00609110027142928,NA,0.0741935483870968,7
"83",4503,76593.805973633,269.2,29.5705455306408,66.6832735057869,0.0179482639280138,0.863754165124028,0.0496112550907071,2029.73716099497,0,0.734929094892363,7.51089951832737,0.00351571713252967,0.0121910478293023,0.00812525340166379,44.0282342685565,0.570997320246666,0.866076905692054,0.164255964872631,0.85535789235786,0.232977109095018,0.946404933329029,0.560131180896714,0.0250622885352603,0.018227299305835,0.0205144426876006,0.0200831200904039,0.0198687036585416,0.0121534367785942,0,0.000136291112060376,NA,0.0741935483870968,7
"84",4601,48078.3593338193,5409.6,12.5345146638255,149.737284809062,0.00176638815678798,0.661119834015589,0,1404.05141699095,0,0.565618351217541,10.410771971871,0.00124955572564185,0.0199304700663668,0,42.5564795263078,0.653177177438666,0.483684176154298,0.712127478938546,0.549404619370007,0.11537540544659,0.90502209547859,0.683041752544145,0.0275979010093399,0.0302632833436279,0.0277832082647061,0.0300915911018414,0.0170655313429679,0.0188333863451082,0,0.0209710226608067,NA,0.0741935483870968,7
"85",4602,40037.7488381993,4448.3,13.7602344886303,137.817499733939,0,0.694978537727482,0,1062.49617774082,0,0.48460075004969,8.93165423981273,0,0.0161954210934116,0,42.1768061664417,0.581282933414624,0.324260767321343,0.564168444889605,0.608522405609023,0.0727039149936855,0.921721900448548,0.623297916625328,0.027702240968396,0.0269528286015505,0.0281734702663464,0.028508679237498,0.015618012187458,0.0160515198792197,0,0.233828337685389,NA,0.0741935483870968,7
"86",4603,98877.5448232323,5142.1,33.880303030303,183.893623737374,0,0.743623737373737,0,4588.68210493669,0,1.28879258839338,18.8536078414636,0,0.0214458102679552,0,43.2456872342133,0.579523389232127,0.794030329776137,0.357072935890235,0.813993420524753,0.460643504774131,0.953173393244002,0.636162196730204,0.0266411838322493,0.0230010292107011,0.0280836483172498,0.0240949140730017,0.0271405250759289,0.0141319476859407,0,0.00442068756127632,NA,0.0741935483870968,7
"87",4604,194635.065490801,9478.1,52.254194397348,137.271807070375,0,0.852645696788724,0,8214.11824158373,0,1.61500952031266,26.8162199979937,0,0.0241408826196206,0,41.4366541973815,0.625921443503136,0.689941137638904,0.297763780393883,0.852816591484212,0.502351743866212,0.958232478820552,0.587181858526065,0.023653534692774,0.0237642503385833,0.0244863647590301,0.0191797862625234,0.0248831087791894,0.0104303480284528,0,0.245717036360679,NA,0.0741935483870968,7
"88",4605,111240.065074606,5298.7,35.8805088123668,125.249640399979,0,0.849869157582795,0,6687.39030315461,0,1.14935578696001,16.2395938538796,0,0.0175614375834169,0,42.7948200470905,0.604404553260042,0.766123178784499,0.506169561137961,0.690937737886593,0.245879582912883,0.956326234354807,0.688279605820255,0.0286187146570677,0.0252520841509719,0.0298265398303884,0.0301407678310506,0.0217565183767108,0.00955442921973807,0,0.640041924000552,NA,0.0741935483870968,7
"89",4606,60865.2795035696,4520.8,23.3668697777161,124.066631806977,0.0040124214323064,0.756533523994494,0.00313737207738851,2410.82969270572,0,0.715970042476816,10.6275836127743,0.00200493477822547,0.0170025133792458,0.00221573992643828,42.6154142738286,0.555327827269222,0.496945960754074,0.458389983562978,0.704032143509406,0.216400495139918,0.917327867854461,0.594929630793284,0.0275954410512035,0.0279893382450525,0.028379890851245,0.026252797113946,0.0218555736230762,0.0160463588790062,0,0.0737175072456953,NA,0.0741935483870968,7
"90",4607,103088.896539593,5396.6,32.655318536523,178.194639887425,0,0.728508379173596,0.00409364206217219,4769.58862634252,0,1.33608925690743,17.7523494616481,0,0.021750645108502,0.00211000579055647,41.7393782227181,0.534013810572023,0.484229412296837,0.173506618822181,0.909929740976389,0.579923408618038,0.951361457045503,0.545733159671377,0.0234745652296233,0.0235269286951428,0.0201683917260325,0.0144787959604059,0.0236309070198355,0.0109010373138585,0,0.0120421106863477,NA,0.0741935483870968,7
"91",4608,57279.8859543238,3145.7,19.0513640094636,167.238066727826,0,0.729728163777703,0.00699145381681232,1834.83134867289,0,0.685082804979764,12.7960765627184,0,0.0173368672196491,0.0024959278309461,43.1471368135538,0.51832884642633,0.252919863166204,0.266947351375423,0.721332712588304,0.184037406635225,0.920328724976216,0.65503704586608,0.0289371596333214,0.0235375190761713,0.0251194385113738,0.0263262874493995,0.0213068895650934,0.0158930626075433,0,0.459491036963018,NA,0.0741935483870968,7
"92",4609,92491.4903245772,7233,32.1769792292429,128.327599075237,0,0.828263521016511,0,4883.97007539859,0,1.17850961339124,17.3635439072272,0,0.020940492722124,0,44.154676931126,0.56267050338204,0.42152173100639,0.33519563511342,0.814903396987929,0.291957845958369,0.906722971710453,0.658203598842092,0.0292920061972069,0.0289438810724813,0.0295364747176078,0.0249669960991632,0.0256305006886329,0.0193784836718778,0,0.044355935973419,NA,0.0741935483870968,7
"93",4610,86381.4436761195,7297.4,35.791169277354,127.644121586211,0,0.822643102544692,0.00157223548593723,3761.45405986726,0,1.01213246001939,18.200155880225,0,0.0194462815815119,0.00157218039019386,42.6492490716093,0.538384435899964,0.557001544579184,0.321748989450853,0.832626770514969,0.315685694567682,0.934453974826646,0.550559538937035,0.0267178848559828,0.0267311987925925,0.0263654267826552,0.0211547443799069,0.0233408361911652,0.0150704026219208,0,0.027461175830488,NA,0.0741935483870968,7
"94",4611,51657.6940478526,4546.6,20.492503549128,118.908253598181,0,0.773086644890987,0,1272.83357335483,0,0.638973780725413,10.5981309423822,0,0.0165883046651253,0,41.4571935157042,0.593465045592705,0.462980282129218,0.680753643519601,0.608156028368794,0.0801379471592238,0.907099992206375,0.642459497400614,0.0277535541729407,0.0286417166310418,0.0264638338249029,0.0280348292057584,0.0135632437674355,0.0165367096576158,0,0.108531352326127,NA,0.0741935483870968,7
"95",4612,102516.545402928,5014.4,40.4226386016141,108.06910816401,0,0.907369104108367,0.00305525138229847,3616.99077097652,0,0.998660522713153,15.9509112536039,0,0.0126495710974505,0.00215884388320756,43.5998555934495,0.508464681844717,0.601745168525517,0.274602881986051,0.857098964574308,0.419270593295849,0.951439456785572,0.571762889474415,0.0253762980039618,0.0252507787833599,0.0243604968623025,0.0205142985100787,0.0244925657396099,0.0116291377276982,0,0.422118107231461,NA,0.0741935483870968,7
"96",4613,96438.3814228627,9262.5,32.2562222711683,109.613605613417,0,0.791038670903999,0,7220.81864132072,0,1.54587978613882,16.2640421528934,0,0.0270929067380356,0,41.0704316119732,0.636004409395404,0.59352158059866,0.436224879165607,0.688679725260748,0.266700585092852,0.929008733994743,0.647575311910767,0.0264871541033036,0.0280783755274016,0.0286066254439188,0.0274592793716797,0.0223982946609791,0.0162426732068373,0,0.412298358350426,NA,0.0741935483870968,7
"97",4614,76556.8666803551,2230.3,29.4399185014373,78.3385980983669,0.00559118046561582,0.872224152636068,0.00145307514925609,1598.34187150772,0,0.675214823854142,9.1465625767012,0.00227775489575006,0.0118759260886337,0.00102740467979718,43.5382323449363,0.594957742443776,0.75980518550351,0.23462254691305,0.865792866351526,0.190975504941985,0.944334622546913,0.490031044347031,0.0233114347781569,0.0213852221532024,0.0210921684923151,0.0174828618108162,0.0173109658415373,0.0114769989430141,0,0.228297695093735,NA,0.0741935483870968,7
"98",4615,53421.3688073965,4403.4,27.4801828912683,117.559116958655,0,0.823702770584988,0.00511660095955708,1259.289678815,0,0.70555094825713,9.53369968878698,0,0.0133661816506594,0.00291175401096644,42.4546715201941,0.539923415118423,0.453521171149876,0.500039395515215,0.655588647788336,0.132621062418254,0.955782473723191,0.547491571694803,0.0265687114586479,0.0266655778671136,0.0267299256414866,0.0260338706652761,0.0167258308022268,0.0109922297535461,0,0.819280702364111,NA,0.0741935483870968,7
"99",4616,94697.2255296046,3652.9,45.6453815554558,68.3576775702398,0.00263105691226678,0.91620292548471,0.00263105691226678,2451.52501976406,0,0.839647292059128,9.79947592872139,0.0015189040186865,0.0126278519281796,0.0015189040186865,43.4325282867153,0.562589742117052,0.626816380449141,0.228189075871575,0.914694733214634,0.401542128539429,0.963571879846074,0.57904785869771,0.0243166054560836,0.0245034656663466,0.0233478502423355,0.0158558399274484,0.0237840768911724,0.00929467140848633,0,0.0609781396625425,NA,0.0741935483870968,7
"100",4617,103419.570224326,2786.6,46.8115915646792,77.4126921892066,0,0.934191241679969,0.00213776943829875,1798.47126051432,0,0.53173062166659,10.1598313319618,0,0.00711399542277886,0.000814814620185629,43.1742904992532,0.573457656271217,0.756447743629204,0.171357443534151,0.927379713031277,0.422704023898973,0.970262073960078,0.391682830083082,0.0182126132189178,0.0170487272828834,0.015667157355945,0.0119930891706584,0.0178619027369495,0.0060312798866094,0,0.116148593612403,NA,0.0741935483870968,7
"101",4618,80742.2581886464,3870.7,38.252604365101,75.6097534425516,0,0.909138409622816,0,1656.95638595177,0,0.592720256526735,8.01844840858711,0,0.00900623038883213,0,42.9336593743,0.533394310460688,0.674662136937206,0.320260583887105,0.840289703576495,0.288676920779512,0.945643246472038,0.421943261702834,0.020656070916251,0.0191280227657068,0.0208087703832726,0.0178634658326404,0.017623144848169,0.00969700131838235,0,0.167186989095645,NA,0.0741935483870968,7
"102",4619,107208.075644114,3925.1,43.6482412630028,71.0355715540943,0.00158725659703523,0.920603157506873,0.00195572687848984,2393.62291686837,0,0.564880039156749,7.73115387064557,0.000793801694392764,0.00813352136127625,0.000875198300335704,44.7979063875183,0.564686402631462,0.707983286660444,0.225730097346313,0.921856247499667,0.414488598479797,0.939080766324399,0.447422024271128,0.0199850590727365,0.0186459093639109,0.0182581773745219,0.0109011451314395,0.0194700304103361,0.00990389665566317,0,0.0105378688590957,NA,0.0741935483870968,7
"103",4620,123333.421699022,3783.4,41.158949711514,83.8084585654326,0,0.897861548854362,0,3691.17221811328,0,0.839892977469922,9.61752943698124,0,0.0109581462074422,0,45.3077249732285,0.529725637901111,0.718880395849489,0.217994165651195,0.91122927513755,0.4712898342011,0.970200509582364,0.603199401352881,0.0258114727639193,0.0240849063544182,0.0216594138607407,0.0151116992135975,0.0257665510278099,0.00761633142459946,0,0.106775568160414,NA,0.0741935483870968,7
"104",4621,94111.5263928991,1880.1,40.7843920436317,106.238584108651,0.00153459523045664,0.878986204683991,0.00655544861512138,1827.37568763628,0,0.644411498392849,10.25901654232,0.000767837628566431,0.0106774870705522,0.00171681132186823,44.3433934040166,0.544204004487614,0.810246717674527,0.115070902273118,0.944976197454998,0.387471068031818,0.957812389452087,0.408270711166824,0.0196655441775367,0.0161017174515361,0.0132971049672057,0.0087937779256863,0.0190704697972082,0.00847677558519535,0,0.005784401802702,NA,0.0741935483870968,7
"105",4622,58155.7667304366,1718.5,24.2035279232805,122.407324780422,0.00355726151984304,0.778294592595762,0.00623437585951873,1231.61318841653,0,0.666134290266568,10.1158883656917,0.00145188882454845,0.0138054583633024,0.0022875013300735,42.7710899341686,0.577285517094925,0.557867912507964,0.400124761095774,0.745566999362922,0.141630388617541,0.924917710766617,0.468797249388608,0.0241496853823548,0.0245701260001745,0.0242578858308707,0.0215133358043208,0.0164781638085308,0.0138696661424184,0,0.0212097009902048,NA,0.0741935483870968,7
"106",4623,78182.5906529437,2287.3,30.4822744871106,119.83362956227,0.00327229639427383,0.842833326444288,0.0131236308022982,2581.40237983809,0,0.766854870289021,12.2388388914812,0.00146294394341464,0.0129861324972476,0.0030963068329829,41.82816256052,0.573476136196915,0.546017808976717,0.359881273488551,0.773832767162865,0.182299366867178,0.930253817418488,0.474410321677243,0.0218150088797826,0.0222744413224013,0.0216670964668893,0.0194426371407145,0.0152754463235191,0.0118556007739417,0,0.0775800865364737,NA,0.0741935483870968,7
"107",4624,81322.85056326,4093.5,32.5270242791492,102.262698767742,0,0.88704298670137,0,2378.36784177495,0,0.93730796420981,12.1009005113165,0,0.0126402593530901,0,43.2637756514783,0.563347998646279,0.663892563763345,0.343922099498508,0.812955727163646,0.279281912438852,0.929344983539981,0.577737723388694,0.0260376836262637,0.0250019577932643,0.0260071516667152,0.0218682339416747,0.0216670911679981,0.0146188338035101,0,0.261891831899026,NA,0.0741935483870968,7
"108",4625,62150.5120502208,4564.1,26.714567202012,126.365229617601,0.00156444937323009,0.810830346357209,0,1662.39119732819,0,0.764267405188689,12.0693491977004,0.00110649828620587,0.0161575481685455,0,42.1142720054482,0.576142642665882,0.595458837004133,0.561918618149174,0.701527650946463,0.146218019161417,0.912117506848891,0.602358907478948,0.0257776425863838,0.026017979992476,0.025758749011882,0.0249658330523489,0.0164802006691054,0.0146529735120803,0,0.0513513583493567,NA,0.0741935483870968,7
"109",4701,109249.998371172,1466.2,46.1043864291711,54.2171131875753,0.00285158959010111,0.921542504653794,0.00752819651786692,2029.39515354681,0,0.539960800341692,5.5363508254337,0.000869982568364869,0.00675722681284381,0.0013806145714224,42.2743538309008,0.569136058656706,0.609224289655914,0.215228301553265,0.917056712242435,0.410251089437643,0.959911769000792,0.436945787067102,0.0196289954880429,0.0198619473511095,0.0177825813231714,0.0104554211454625,0.0187365177286173,0.00816434017840211,0,0.0381525181913708,NA,0.0741935483870968,7
"110",4702,101250.664876277,3410.8,43.4793419156946,98.5137997198229,0,0.87892629747907,0.000385077579853803,2076.03816979915,0,0.668087833656126,9.73155576222015,0,0.0105607689358922,0.000385187774813434,43.351076157164,0.534924143258728,0.436224544537671,0.166745348812257,0.915838715907384,0.47514001845454,0.931364133816871,0.572769535146935,0.0236074755311989,0.0231553873396359,0.019742328232978,0.0180431941350328,0.0234397512572438,0.0125401865172138,0,0.056517282016755,NA,0.0741935483870968,7
"111",4801,68467.8093056497,341.4,23.3595356337847,67.2484377577013,0.0123879858527736,0.825340394729608,0.038254320218439,1698.20370893411,0,0.628503110198281,7.04291842811454,0.0048077934041334,0.0148372443267441,0.00728055411221857,43.4594513476199,0.581267382996178,0.84428837265142,0.223702903335534,0.889649238649779,0.166936790923825,0.945134761990516,0.550916404591426,0.02498902087398,0.0205146507598766,0.0222020142661998,0.0147127166480531,0.015836136674202,0.0133668875929272,0,1.93979199739676e-05,NA,0.0741935483870968,7
"112",4802,86097.8082157089,1188.4,37.9669211574988,85.3402107928941,0.00522885553610666,0.863155934602063,0.0122751480391792,2392.15390970281,0,0.848919034181745,10.3720951183292,0.00244746278913692,0.0132732706450248,0.00314480087004718,42.1737339055794,0.559594225516972,0.752930159968787,0.198860710105345,0.873101833788529,0.365649629340616,0.971002731174405,0.513988251851238,0.0234031805536706,0.0208653701777251,0.0208477460301477,0.0181950300934861,0.0220091409224754,0.0110412109522092,0,0.0562651815766824,NA,0.0741935483870968,7
"113",4901,56835.7328384536,2308.8,22.0537875447107,149.489440932922,0,0.763621441520898,0.00450781517957764,1568.52268749967,0,0.78348449568934,16.2069488295554,0,0.0184353916402148,0.00225209270902355,44.6234599855057,0.535293508644787,0.642778755564758,0.220747489388135,0.880111812817062,0.238471891500155,0.924712703178383,0.6724696893841,0.0274446605817772,0.0264769865594301,0.023158863408508,0.0176376737887487,0.0219700563899028,0.0152779896556317,0,0.00071852655591466,NA,0.0741935483870968,7
"114",4902,93274.8480334252,1286.6,41.2258753700544,71.1325487450963,0,0.892315993641627,0.00199063744148401,2103.39615426758,0,0.712926712458186,7.31276631297227,0,0.00994384235855591,0.0011488949734088,43.6179210526316,0.548210526315789,0.828578947368421,0.145815789473684,0.924671052631579,0.358907894736842,0.952578947368421,0.480112153599583,0.0210101307076211,0.0172542932289223,0.0171722863418437,0.013640600232251,0.0193519251411439,0.00981996985547719,0,0.00801914248970967,NA,0.0741935483870968,7
"115",5000,55448.5051129228,55,19.0420794546216,60.0760460063388,0.0640660194948871,0.806755436840951,0.0886040624314789,1395.79495541198,0,0.562702809335012,5.59509323383797,0.0079914226347858,0.0155383290537839,0.00878931412047692,45.4612113669363,0.546567102260942,0.801783862269239,0.244575814146443,0.780937564820577,0.131010163866418,0.947500518564613,0.728953664470366,0.0279549256952764,0.0230189649389054,0.0263217865921828,0.0250345781870374,0.0157344451145327,0.0144844400974239,0,0.00783662680573312,NA,0.0741935483870968,7
"116",5100,60549.548129263,92.2,22.9365936030726,110.710747632607,0.0740546983643467,0.765644659294086,0.154493079928482,1344.64504167544,0,0.604354251173761,9.0314978552536,0.00675979055728295,0.0148440973442357,0.00983045856256502,43.6970622624963,0.56214557147033,0.785428237357498,0.225387313650979,0.861999415375621,0.220973399590763,0.955714703303128,0.555220184313911,0.023487778519311,0.02115921240471,0.0208253162288771,0.0179943840879011,0.0192020789574431,0.00967744771701863,0,1.76907740490994e-09,NA,0.0741935483870968,7
"117",5201,78819.0602206609,786.4,40.130426129013,83.188304838485,0.016214530714063,0.891566984455546,0.0533009573472922,1253.62113506906,0,0.561563541667827,7.6495101949645,0.00292513878090407,0.00939170428413907,0.0057092537874954,42.5324077378828,0.538225426511528,0.850298617555381,0.190389511504509,0.92096747329098,0.353011159492707,0.954802864824993,0.461750708178836,0.0208356124240603,0.0167483397727236,0.0187297963094127,0.0117697927781456,0.0191602589309874,0.011238324509421,0,6.09383990962447e-06,NA,0.0741935483870968,7
"118",5202,103610.848116666,2641.3,43.35641139266,138.386415824034,0,0.854497844740765,0.000588164202554083,2159.47540644429,0,0.749893573952982,12.6142405997479,0,0.0123380720773532,0.000588301659889011,40.9496682170543,0.542573643410853,0.75871007751938,0.188725581395349,0.943106976744186,0.455838759689922,0.945103875968992,0.448298329810423,0.0225757553413679,0.0192560051306379,0.0207312778544152,0.0139340774741319,0.0222063800891876,0.0125159642108631,0,0.0112450231965619,NA,0.0741935483870968,7
"119",5301,76036.5376788195,4560.4,32.0194120076597,178.533899047548,0,0.800072591646954,0,2388.24979993371,0,0.832570367951696,16.8313565554443,0,0.0166941877548384,0,38.8116580887956,0.616305380025089,0.511026179115326,0.441047164613058,0.775466898015171,0.302097377398971,0.948427260044316,0.488171974619791,0.0222950491732682,0.0235232575828073,0.0238110740845767,0.0209689434840058,0.0206045244760628,0.0109176084513927,0,0.644100693491849,NA,0.0741935483870968,7
"120",5302,59031.333776753,4353,20.7997369043396,210.280536833392,0,0.684772969137992,0,2236.84570498742,0,1.00296907521689,16.9032539144638,0,0.0222109926429088,0,39.1289195402299,0.617302681992337,0.465609195402299,0.449701149425287,0.778590038314176,0.337425287356322,0.926743295019157,0.507801442629257,0.0242130978391663,0.0249339824442683,0.0255332252166724,0.0220993568085943,0.023109995752927,0.0136680789233253,0,0.0242061153330863,NA,0.0741935483870968,7
"121",5303,92349.9013104742,3146.5,40.2769660536514,124.374409464992,0,0.861256795431827,0,2110.74682518055,0,0.6771135554987,11.0024822604847,0,0.0113977467682329,0,41.4914206797882,0.542151437172749,0.683980963546583,0.290117139762939,0.9086627785671,0.494123140816103,0.9627616767181,0.40443384221824,0.0193657104573621,0.0189496612085323,0.0182871547628921,0.0116713735945548,0.019481953504305,0.00771578392798442,0,0.0559341038197777,NA,0.0741935483870968,7
"122",5304,135399.636836459,3793.6,47.9985440891937,213.885653531542,0,0.826593360280454,0,4649.55805247677,0,0.950445153655328,22.4564079600524,0,0.0148306026427717,0,43.2173008323425,0.583079150080132,0.813705216357339,0.124515328542625,0.941593858243292,0.681163728480587,0.967443002636613,0.511929684461488,0.0210567771455266,0.019240761201995,0.0164411707983725,0.0133515379421073,0.0216151441266406,0.00718911733079936,0,0.0894728859171299,NA,0.0741935483870968,7
"123",5401,101838.444006573,940.7,43.3113744709715,105.128399873893,0.00547419105213379,0.885084978934396,0.0119897203672389,2200.13842880206,0,0.636908197423946,10.1441765679513,0.00147849287787616,0.00964306492045782,0.00235916233091174,43.3248849615928,0.571048820283425,0.707894109666893,0.197481071369645,0.917703998386712,0.419243954754615,0.967899242854786,0.373982206260886,0.0177795177219073,0.017673189867365,0.0154180871915352,0.0108199082318184,0.0174929503747633,0.00589078003040881,0,0.0175512304660133,NA,0.0741935483870968,7
"124",5402,92650.2066820227,386,37.6957677652681,83.1754676770069,0.0157686263535186,0.860848599659871,0.081103480937722,2726.71251096302,0,0.839413071813673,8.44869601385657,0.00431634435597002,0.0129201794705412,0.0117236690826231,42.4431922723091,0.571385606114217,0.750902271601444,0.285754723657208,0.907172174651475,0.381130139409808,0.980326940768523,0.662674471174997,0.0259963005495941,0.0247469941710398,0.0251930363883497,0.0161322847318368,0.025171234690066,0.00590729662089833,0,1.06292246069749e-08,NA,0.0741935483870968,7
"125",5500,77567.1922410678,488.5,30.290973240664,90.3548959595315,0.0224871942017896,0.860873769899467,0.0564942931837021,2006.15930893797,0,0.624113159804114,8.77491407067553,0.00346924215193453,0.0111790007633664,0.00549976488663876,43.2976382902299,0.562937769396552,0.863258800287356,0.270238415948276,0.870206986350575,0.304328304597701,0.940575610632184,0.536500417157963,0.0214375323583272,0.0143710453105095,0.020301684727278,0.0173368480075999,0.0191024230566301,0.0131148265210742,0,1.93999356906793e-05,NA,0.0741935483870968,7
"126",5601,39773.5950608931,6164.1,10.7527832451716,147.042717431418,0.0030292778939599,0.593154139500554,0,1659.94786206104,0,0.534671237659097,10.3826500571772,0.00175037473603005,0.0221818839863007,0,43.3072120414431,0.637103033984678,0.40663494313388,0.847862036380817,0.61682022206473,0.098207957881948,0.872295906314333,0.795095683008822,0.0331136035630504,0.0341160221832884,0.0248312735176202,0.0343730732897499,0.0189090243627963,0.0234813213415164,0,9.75400119021128e-07,NA,0.0741935483870968,7
"127",5602,42416.7968523816,5336.5,15.5865363458443,114.010955287142,0,0.764496068372109,0,928.582436874291,0,0.501113232939679,9.49575148644306,0,0.0178756152843739,0,42.0345159096771,0.525804863179122,0.6479939972331,0.891293643163646,0.676178863694984,0.0609656013318639,0.898468825474242,0.754744372295973,0.0312080664614783,0.0296737136940429,0.0169121570892589,0.0303361607972281,0.0120135544043465,0.0199445013528589,0,5.58501553194526e-05,NA,0.0741935483870968,7
"128",5603,48837.726032198,2734.3,21.3196035483518,75.241923119045,0.00286934618333151,0.82547366115431,0.00403022670025189,1336.94598325343,0,0.641125816654918,9.28036527451785,0.00143652931435762,0.0169158069498888,0.00164864393820917,42.829134166264,0.557350268056418,0.539656243528681,0.737235682565979,0.807942753273049,0.0701318423414095,0.933066427371667,0.720712376198069,0.0312124886546179,0.0315445466425177,0.0270768431394454,0.0246884879350844,0.0150750534379809,0.0144745878564521,0,6.93986289496995e-05,NA,0.0741935483870968,7
"129",5604,57004.244231944,3197.3,22.9562285606879,161.022743292139,0.0116535877073446,0.738064470654574,0.0037592218410789,2053.07332694171,0,0.74302941901443,14.8908273135219,0.00323842585597779,0.0187040678876464,0.00187940140511171,42.6141817146576,0.479339515210672,0.638787213274768,0.451399056450301,0.833862046526761,0.220900439238653,0.954530665365219,0.6207268924173,0.0279973122944842,0.0266813153704133,0.0279918801164144,0.0214072538024904,0.0213542722167346,0.0105547398652087,0,0.0155128290151893,NA,0.0741935483870968,7
"130",5605,49881.543097729,3905.9,19.8501148252105,144.028663774772,0,0.744203453261887,0.00214340392957387,1106.11386358144,0,0.571071024071826,10.4936459980498,0,0.0160158957416964,0.00123732431902268,41.5068295266681,0.566040158579844,0.658475514822721,0.715021748551434,0.79212878994591,0.150634800892413,0.951029645442435,0.539678490579741,0.0243144723060556,0.0228654120268197,0.0217611892681846,0.0204730796286477,0.0166143874364167,0.00862163841435846,0,6.47886507959802e-05,NA,0.0741935483870968,7
"131",5606,63645.2362521556,5262.4,28.759895163277,120.962417540306,0.00104015547587113,0.79866832726576,0.00166972326389839,1297.12249258835,0,0.586386773292595,8.72074694657065,0.000735652149233379,0.0130249653994201,0.000835295935549329,42.2483585940019,0.516517252499194,0.660896485004837,0.66574653337633,0.853750403095776,0.243792325056433,0.953537568526282,0.504434569920217,0.0225030575938933,0.0220398137260621,0.0203373219919288,0.0172646201683112,0.0180376466255979,0.0100648150935855,0,4.2080938570971e-05,NA,0.0741935483870968,7
"132",5607,74803.748702955,4464.3,35.333752667835,121.747497006819,0,0.833344901181656,0.00138814179868474,1975.05742176376,0,0.866114247704972,12.6332632443318,0,0.0151279788426785,0.000981825082333499,41.9356865448087,0.549739538459499,0.764113304083878,0.446880426282094,0.911907002637753,0.388412443831767,0.964609042588444,0.539048667367047,0.0223218818268758,0.0191471782279077,0.0225197922768492,0.013977182369871,0.021471503656801,0.00811074392363938,0,0.000464767251166551,NA,0.0741935483870968,7
"133",5608,71460.4827153816,3762.2,33.5649218135326,108.341979740362,0,0.857653914240755,0.00320859559402046,1749.31152598997,0,0.804877022172983,12.6228508810431,0,0.0149198441405053,0.00185156385274896,43.4716897952925,0.500843364256689,0.795580004600169,0.340393314421529,0.930920800429349,0.33870658590815,0.961051905236525,0.598494387009445,0.0258440806067011,0.020165577353538,0.024844001859961,0.0148111195861113,0.0237464830608023,0.0106177083878741,0,0.000807149015385647,NA,0.0741935483870968,7
"134",5609,57340.6730970664,1062.5,25.2179754790773,115.831744572466,0.0143402937386495,0.821737262910409,0.0203160440984755,1100.91058922394,0,0.563498575758605,9.35437984065558,0.00289389678583555,0.0126820571941693,0.00388612203899468,42.7360842008473,0.508948802994976,0.652999901481068,0.47717644740731,0.888640767134084,0.225033660635119,0.948047683163114,0.558990874727863,0.0241242932323464,0.0233864640001812,0.0242240456494692,0.0161153513059191,0.0187140363563832,0.00993808137108273,0,0.000385820580326608,NA,0.0741935483870968,7
"135",5610,113885.642776984,1537.6,44.1050209509046,81.107693301362,0.00384301757615391,0.902519760053608,0.0234617837737464,2724.62399729135,0,0.693983318449205,10.1086122405779,0.00191807832100289,0.0101653463761246,0.00499917573287506,45.2705091319483,0.549188536186041,0.819077744750521,0.317734577418893,0.951534707761759,0.472635946018979,0.964012652795219,0.472337723541477,0.0216676715617208,0.0174586139343421,0.0216921270561061,0.0108604563039381,0.021508460188946,0.00836632980147806,0,7.16781574669732e-06,NA,0.0741935483870968,7
"136",5611,108303.9824451,3405.8,51.1584543422313,56.8536434166776,0,0.931978284147052,0,2503.38128556799,0,0.701179052693246,10.5996797813932,0,0.00996801896123056,0,43.6264375876578,0.536311360448808,0.854894810659186,0.307279102384292,0.949481065918654,0.502538569424965,0.97304347826087,0.550594364511018,0.023283389568849,0.0172672953945399,0.0228650450524855,0.0115013534777164,0.023365081139786,0.00727650701321627,0,0.00130127734175279,NA,0.0741935483870968,7
"137",5700,63822.6650040636,52.5,18.8773206061862,58.6204643602696,0.0918203113795356,0.808861727726164,0.163171481841506,2584.15562002381,0,0.516679375374583,5.30459283566105,0.0097650203610623,0.0133559685097029,0.0115620680934952,45.1850153432404,0.544460917836086,0.853911664310589,0.387253042788677,0.82377685067062,0.153035892838672,0.967262007378547,0.554974010047298,0.0242370201364307,0.0172358748017762,0.0237887504577798,0.0193983210291519,0.0158001335424214,0.00887255138941788,0,4.19031639146911e-08,NA,0.0741935483870968,7
"138",5800,68455.1492003017,68.8,26.4365227508086,98.6991958269941,0.0513123745477326,0.837599243131289,0.143031566027846,1897.67654365259,0,0.643779586765372,9.88732598007843,0.00568729039990333,0.0127637935514035,0.00971998077994659,44.8920365124331,0.552479468910064,0.899590808939251,0.313646378802186,0.882793945116891,0.29853778578991,0.953343634646751,0.604253682290197,0.0251375187915405,0.0166150411643916,0.0245900711732789,0.0169273765084727,0.0223221835790634,0.00990307039917779,0,1.90300144327954e-11,NA,0.0741935483870968,7
"139",5900,40757.7066945763,194.1,12.9439315216985,88.8079841513101,0.00983067319552947,0.738077972563825,0.0340597316188839,943.172080365037,0,0.503259448218025,7.8687859038332,0.00287494044357552,0.0172129880595683,0.00539199700275869,43.1088245552843,0.568034724644421,0.710130604968415,0.777816532961284,0.759543463938302,0.178331976901911,0.912064488625354,0.650075662981119,0.0278256265960718,0.0253755960931452,0.0227692854490292,0.0241804316015799,0.0191262501774416,0.0166577822881668,0,1.42611649589921e-08,NA,0.0741935483870968,7
"140",6000,49789.0719290891,3060.9,22.7435685234691,94.3979811288909,0,0.754054892822336,0.00753537652381756,1118.60772102575,0,0.565343114927665,6.57389026626092,0,0.012541335753372,0.00205892651093677,41.8181518717141,0.54518862082142,0.809824357977679,0.943525753363288,0.698338450186447,0.1605418154507,0.949718682882479,0.525526430443131,0.0222479860233161,0.0168040238667562,0.00870727313912698,0.0207785953858584,0.0144994724321972,0.00924643172263433,0,9.42052900822003e-07,NA,9.2,6
"141",6100,55346.1101949412,99.5,16.2252195539778,70.5940083177676,0.0161814635555877,0.773284073435775,0.0519705678991961,2012.06049832278,0,0.819639126889178,6.90942462907349,0.00429666384305197,0.0168190016880684,0.00804270452287222,44.4773313854395,0.5463598733869,0.861309958607256,0.560579498417336,0.840710981251522,0.176844411979547,0.956902848794741,0.677880632350919,0.031492404342882,0.0183949732967226,0.0312055800655851,0.0218629024706074,0.0228277174591124,0.013162019312509,0,1.54043904434896e-08,NA,9.2,5
"142",6200,69639.2945576666,338.1,20.0246380147305,109.581917475728,0.0162893371275527,0.765588382992969,0.0458235687981252,2191.14234984294,0,0.688286462910482,10.5498446750281,0.00408211360322519,0.0174048044961892,0.00700429268377751,43.7833046884368,0.519565130500819,0.715296374755186,0.37763299892082,0.835844757983932,0.15562172748711,0.951616771253847,0.579871475535446,0.02653519870211,0.0244305029724127,0.0262158196589847,0.0208275740966401,0.0175758936419713,0.0130514769632529,0,4.85996590724689e-06,NA,9.2,4
"143",6301,46781.5340362136,5115.5,13.3778090654093,133.513964834157,0,0.711164227322834,0.00172445783264028,1634.25665368458,0,0.607934238499837,10.02255049619,0,0.018770996216638,0.00121984946336925,43.5094455153646,0.47987300147409,0.754529992062592,0.719197187889783,0.788502097743508,0.139063385871414,0.917201496768341,0.670278704198412,0.0295845289092631,0.0248405598308237,0.0251060951808545,0.0238571562373146,0.0192594049998125,0.0155933043462166,0,1.53491692665126e-06,NA,9.2,3
"144",6302,72463.229905658,2282.3,29.8570598826741,109.100722707623,0,0.841161974460458,0.00220712086890864,1927.18134758756,0,0.691868158345197,10.1676602972197,0,0.0130858138928232,0.00100958541059165,43.0332624134728,0.555197626681849,0.799062059872344,0.434059512750592,0.908723142848581,0.278340475262953,0.954601300530401,0.500673360544818,0.0225480310736454,0.0186973369982671,0.0230145509687899,0.013831395619102,0.0188472650654664,0.0101912934263304,0,0.000281962001745169,NA,9.2,2
"145",6400,60712.061394829,348.8,21.805815862077,84.1252342758693,0.0108960106166257,0.785455688392722,0.0331536733292202,2133.09136468307,0,0.796661671370307,8.05646616776904,0.00283692463957913,0.0173830439299401,0.00637693157769705,43.8061063066864,0.571820291077832,0.805262602826408,0.499709976798144,0.836110525205653,0.170902763130141,0.961374182661886,0.701621023107401,0.0310626503924362,0.0247728561020475,0.031632220672807,0.0231430945665993,0.0220213896158416,0.0101845322804939,0,1.7893905075544e-06,NA,9.2,15
"146",6500,34643.5360022673,243.4,10.3370115741164,63.2653453036149,0.00306266113254466,0.764851620924832,0.014243659834342,1140.33965084037,0,0.403254108026934,6.00062068845297,0.00127983849896411,0.0194663482698818,0.00274888044427357,43.9376842881213,0.516006739679865,0.628159224936816,0.838247683235046,0.720671861836563,0.163805812973884,0.941975568660489,0.71222070070669,0.0332194172517181,0.0316408738833398,0.0230178571827525,0.0289351968916025,0.0231390519091226,0.0155893549724374,0,7.42908900563593e-06,NA,9.2,14
"147",6600,57725.5394532888,3169.7,24.1499352626876,102.617484545106,0.00295420974889217,0.789439611940843,0.00200594489122308,1823.25727851127,0,0.74881542950844,11.5746461256534,0.00170536989181394,0.018336552956562,0.00141845347368835,42.5246500432827,0.527352574794671,0.635960559930748,0.795093216223634,0.817515782361759,0.286679475539978,0.946920592023309,0.657359669109565,0.0299032759782228,0.0293547275279748,0.0241681417476655,0.0231653687851024,0.0265874768498219,0.0126876093932183,0,2.05607562072781e-05,NA,9.2,13
"148",6701,36921.8147508551,488.9,17.1341040171685,53.5513211722889,0.020672657769432,0.801304406143116,0.0172858963181544,1458.66703645424,0,0.481676303442082,6.26612495993656,0.00594249230862613,0.015009340155855,0.00481647443683671,40.9251923772143,0.586634302535764,0.481175437690441,0.94525641687755,0.63840830449827,0.12828590610959,0.906548572018799,0.65248294916186,0.0313463000016244,0.0318542030544212,0.0146652778054147,0.0306039855612531,0.0217826871753647,0.0174290440362026,0,0.00349491551887054,NA,9.2,12
"149",6702,49059.7360724674,1950.7,22.494735677248,45.576625142279,0.00946155305425572,0.854899140002529,0.0216817377007715,1355.95597154073,0,0.64015619838659,5.13179914097058,0.00441875387885912,0.0136301007072318,0.00608815108555335,39.6706990171146,0.579489999312668,0.68206291383142,0.883428414324009,0.698077760212615,0.184800788141224,0.931037642907874,0.631365367135411,0.0305288721884201,0.0293023086301568,0.0191919720855782,0.0285305660809345,0.0230889486708977,0.0163570352673223,0,0.000242858145983527,NA,9.2,11
"150",6703,45229.0130748457,2513.4,20.6116640782196,88.2060913938596,0.000512589033654913,0.754599912783358,0.000512589033654913,1588.68399355197,0,0.658050453395724,8.40742718789363,0.000512880978357839,0.0164583562632731,0.000512880978357839,40.6742247679242,0.54904206991902,0.626427019553624,0.933952202251629,0.69934821252222,0.18301402330634,0.923879123049575,0.59367019751034,0.0290025233158715,0.0287162391925702,0.014567159021807,0.0269212915259572,0.0210868642597419,0.0154340680240643,0,1.13827920510368e-05,NA,9.2,10
"151",6704,36335.1828840861,1058.1,19.0067737579599,59.8461515757473,0.00287774030976292,0.788308995521055,0.00567431358514791,994.687190773757,0,0.498487648205384,4.78024716669243,0.00130984069876158,0.0139921811149603,0.00181654843521333,41.2446242421599,0.564203777205914,0.539560343699568,0.925807999302133,0.620665590788154,0.110808217385615,0.904632093165264,0.617570835058002,0.0283333344263995,0.0287289755475786,0.0153575444308274,0.0281665920640138,0.015726716002179,0.0174190028895891,0,0.000155645724418378,NA,9.2,9
"152",6800,41593.3435914558,3251.7,19.1816848966083,77.5657039999419,0.00148065351981826,0.767508364966576,0.00205404385347337,1145.96835258446,0,0.515935014060681,5.94786863167313,0.00104674941344327,0.0141880935978045,0.00119330943668592,41.460071022971,0.515482664562282,0.872862019865845,0.904204765744283,0.719836681477415,0.215813761987271,0.932751196582663,0.531391635508882,0.0237793138447934,0.0129451252338793,0.0138941134517775,0.0218756652182307,0.0194657675554442,0.012336990415749,0,5.14298280568555e-06,NA,9.2,8
"153",6900,42261.7994223044,741.7,17.8404088137319,46.3099967905798,0.000431611682289534,0.844990537743888,0.00112883055368032,1020.77224978976,0,0.392522440032437,3.75908251560881,0.000305346455165592,0.00947866165000345,0.000580071581720683,43.3569341147001,0.548049417840521,0.892644534813601,0.804879934439411,0.761306882315649,0.158458707652343,0.950102824981059,0.48290065691889,0.0219768773330432,0.0110596044213044,0.0166355269026609,0.0187329433641546,0.0152312872324423,0.00940540642394344,0,0.000106701339824874,NA,9.2,1
