PUMA,HHINCOME,DENSITY,PROPTX99,RENT,farm,ownership,acreage,se.HHINCOME,se.DENSITY,se.PROPTX99,se.RENT,se.farm,se.ownership,se.acreage,AGE,sex,race,hisp,hs,ba,employed,se.AGE,se.sex,se.race,se.hisp,se.hs,se.ba,se.employed,treated,PScores,distance,weights,subclass
100,53955.56576,73.2,14.74301283,66.12533976,0.032203291,0.786759721,0.083478059,1170.496297,0,0.358406593,4.574859422,0.003763176,0.011288065,0.006553275,45.81412612,0.559376172,0.820394392,0.274844418,0.791257404,0.183459549,0.976816375,0.425666926,0.019197606,0.016600186,0.018838094,0.017892108,0.013595491,0.006012845,0,5.08E-06,5.08E-06,0.076033058,7
200,50548.86326,1423.4,17.68485576,142.5217311,0.001038937,0.690835421,0.008092165,1635.02029,0,0.617542557,8.491425911,0.00073515,0.017117739,0.002595807,43.0070599,0.567406794,0.732704334,0.296058222,0.774017824,0.182380755,0.929095941,0.701217945,0.028500277,0.026522514,0.026962665,0.024931142,0.022667506,0.016112679,0,0.000377335,0.000377335,0.076033058,7
300,72768.20185,1354,27.67919308,90.01467121,0.002913283,0.830578989,0.025810846,2029.701845,0,0.669567543,9.777115793,0.001433746,0.015224497,0.00445657,44.3683448,0.538613224,0.88194696,0.132379573,0.905086724,0.258944022,0.97245362,0.585226387,0.024816719,0.018840116,0.019330191,0.016260124,0.020250148,0.008366374,0,0.000218839,0.000218839,0.076033058,7
400,53867.30996,52.6,15.34531849,56.07844988,0.034754104,0.753228699,0.063029356,1557.272829,0,0.505674548,4.488241159,0.003951642,0.014172263,0.00637346,44.45154394,0.568962787,0.82662312,0.436460808,0.804374505,0.168190816,0.929552652,0.596801531,0.023163775,0.017868875,0.023677633,0.018336709,0.015937187,0.014792964,0,6.13E-07,6.13E-07,0.076033058,7
501,54652.46651,4445.6,16.56583549,206.958112,0,0.62051152,0,2135.267344,0,0.694053519,13.50833885,0,0.020731715,0,42.91719036,0.504570384,0.784477834,0.337322898,0.860946069,0.277393739,0.965979205,0.724639511,0.030680193,0.027201485,0.031441129,0.022693385,0.025305642,0.010322734,0,7.85E-05,7.85E-05,0.076033058,7
502,67589.71586,931.8,24.03812639,105.40745,0.007233406,0.784331057,0.013045176,1785.218769,0,0.655711131,7.572425099,0.002022785,0.013691971,0.00280159,43.95367246,0.524594498,0.804099342,0.257919537,0.866227081,0.335925229,0.973733729,0.534602586,0.022929524,0.019304042,0.022231982,0.018598237,0.020741532,0.008622418,0,0.006580601,0.006580601,0.076033058,7
600,64337.02789,54,20.76286929,59.85164806,0.060817547,0.811010577,0.15470131,1784.05304,0,0.484397578,5.341452587,0.005934711,0.012899832,0.00982721,44.09014452,0.558686581,0.933765125,0.104097185,0.823835533,0.187942063,0.965424461,0.549176101,0.021785748,0.010464372,0.015507472,0.018749815,0.016428516,0.007752117,0,3.71E-09,3.71E-09,0.076033058,7
700,73850.54554,1022,20.79296173,127.2614213,0.013812964,0.732311597,0.023096447,3519.323736,0,0.709364816,11.71108778,0.004669387,0.017946968,0.005319908,44.29985632,0.49335249,0.849646883,0.121314527,0.88139709,0.270554667,0.927211284,0.605861892,0.025509316,0.018881417,0.016968809,0.017582214,0.022700244,0.016192367,0,0.000240184,0.000240184,0.076033058,7
800,60236.84397,225.2,22.55389797,92.77617458,0.022859606,0.799231438,0.07082898,1250.425595,0,0.563282772,7.758306771,0.003473445,0.014005028,0.006452945,43.83712907,0.534512498,0.890045315,0.069478146,0.888320421,0.203581348,0.950606636,0.558815964,0.023270294,0.014848583,0.015824119,0.016894787,0.016602829,0.011754247,0,1.49E-06,1.49E-06,0.076033058,7
900,57701.73177,144.7,19.76581794,94.35387562,0.030419108,0.774943668,0.131782334,1463.473977,0,0.580780177,7.744098602,0.004299508,0.014913937,0.010859135,44.64107843,0.525723297,0.866904663,0.083860794,0.854661732,0.183819181,0.944304518,0.678355312,0.026452123,0.022189143,0.018016532,0.020941538,0.019132567,0.013677142,0,5.98E-12,5.98E-12,0.076033058,7
1000,57064.26361,109.9,17.96751888,68.3441014,0.039218853,0.783223345,0.164243851,1458.669681,0,0.502376374,5.488497387,0.005335524,0.01199006,0.010523617,44.53159863,0.536993714,0.83100183,0.108426832,0.821357524,0.184101217,0.931455399,0.519686577,0.02170797,0.017650817,0.013719682,0.016666582,0.016882303,0.013060982,0,2.22E-16,2.22E-16,0.076033058,7
1100,58709.54507,204.1,15.57838835,104.0470729,0.016824574,0.763209335,0.083295103,1874.917084,0,0.531603804,9.95803616,0.003916097,0.016592227,0.008779976,44.27929675,0.49821869,0.76891456,0.0527858,0.890697135,0.198558088,0.95648966,0.660243148,0.028027846,0.026056482,0.014797777,0.018382589,0.019283959,0.009349206,0,4.20E-08,4.20E-08,0.076033058,7
1200,52965.84471,81.5,17.06953789,72.04801978,0.054819041,0.789023315,0.150890793,1163.27385,0,0.487056963,5.961738282,0.006922019,0.015129997,0.009565046,42.90746787,0.558398385,0.899587427,0.059956665,0.863524383,0.144044404,0.931984803,0.606916712,0.02480632,0.015803668,0.011708362,0.015865804,0.01555262,0.016884122,0,1.62E-10,1.62E-10,0.076033058,7
1300,63553.17716,434,18.79226359,77.98633795,0.01194752,0.819316626,0.047613884,1423.143792,0,0.447829673,6.658019455,0.002553583,0.011947649,0.005623644,44.05730977,0.545886119,0.754015377,0.100008209,0.884764823,0.229991518,0.926888664,0.551804974,0.022310159,0.019534784,0.013787765,0.014532358,0.017800574,0.013272678,0,3.22E-05,3.22E-05,0.076033058,7
1400,66286.49146,521.3,22.96291025,92.41028141,0.017787743,0.812855007,0.063963086,1991.081548,0,0.556162307,6.666348956,0.003910891,0.011950177,0.007785127,43.77590295,0.532837375,0.7355572,0.146127887,0.863883278,0.267002045,0.939393559,0.553709918,0.021575418,0.019473437,0.015440637,0.014640301,0.018573073,0.012741855,0,4.80E-06,4.80E-06,0.076033058,7
1500,56357.64391,96.9,15.25585129,59.98967841,0.027877861,0.770248961,0.144922827,1835.408607,0,0.504910809,5.989500171,0.004960766,0.018038287,0.012842362,44.27641078,0.547182708,0.788329275,0.092079969,0.869964544,0.169785125,0.947904652,0.684359741,0.028686595,0.026512176,0.019810234,0.022455227,0.019686009,0.014698922,0,1.25E-13,1.25E-13,0.076033058,7
1600,46662.41596,39.8,10.06274183,58.54386174,0.037135147,0.775085819,0.197104986,1530.344676,0,0.439478363,6.104523957,0.008693969,0.018558487,0.015649088,45.12021355,0.530375552,0.814222596,0.037923417,0.857116558,0.178150642,0.957079739,0.849990593,0.033165195,0.025749286,0.010540493,0.023084362,0.023512689,0.011353752,0,2.22E-16,2.22E-16,0.076033058,7
1700,54475.05531,245.1,14.94333333,98.20309524,0.014022109,0.73755102,0.070187075,1582.544078,0,0.547572455,7.344259349,0.003096281,0.017285653,0.007758775,43.33624317,0.576220925,0.771012881,0.13411176,0.827875081,0.231396534,0.957853767,0.671538561,0.027207223,0.023693266,0.019945729,0.022567755,0.022261636,0.010209638,0,4.83E-07,4.83E-07,0.076033058,7
1800,54570.46054,154.4,15.91770792,91.49912857,0.028494232,0.773982645,0.159530813,1679.69392,0,0.547388564,6.827386462,0.004703624,0.014809061,0.012496792,43.41833427,0.557029866,0.851903877,0.09279509,0.865215888,0.147620694,0.946773566,0.665853424,0.027059671,0.020620594,0.016517281,0.018821949,0.018809646,0.015533847,0,2.22E-16,2.22E-16,0.076033058,7
1900,61196.57305,73.6,18.11479711,59.16828164,0.059154572,0.813091863,0.170168832,1784.053133,0,0.504907785,4.556159897,0.006552317,0.012005821,0.010977607,44.76597186,0.523640868,0.799744528,0.140045288,0.827459405,0.192281639,0.96177592,0.596760294,0.023203652,0.018983625,0.01689855,0.017842374,0.017110472,0.011197393,0,7.57E-11,7.57E-11,0.076033058,7
2000,81198.29621,387.9,34.52256131,101.0617976,0.021591119,0.845283071,0.060645745,2074.472169,0,0.687089741,9.722891974,0.004326477,0.012733359,0.006923308,42.61529732,0.549638194,0.863675202,0.125684227,0.895009479,0.238177886,0.961509706,0.518090667,0.022324062,0.01591693,0.0151623,0.01310555,0.016820618,0.008598296,0,1.94E-05,1.94E-05,0.076033058,7
2101,109212.538,1428.1,44.95765342,103.3056037,0.011445475,0.892679723,0.028049554,2617.923328,0,0.600560681,9.894267698,0.002841379,0.008788442,0.003839486,41.29777192,0.542414966,0.817792394,0.147236938,0.919956026,0.436697404,0.967853521,0.443263418,0.018748033,0.015614849,0.016068412,0.01287207,0.018555401,0.006806284,0,0.010678521,0.010678521,0.076033058,7
2102,113709.7435,2343.8,48.29082706,70.65424707,0.002512346,0.923828676,0.020801761,2355.569015,0,0.576911371,7.598095291,0.001088799,0.007887176,0.00479152,41.65654201,0.549863838,0.775403592,0.083050033,0.946478472,0.511346849,0.965078404,0.42534514,0.01883794,0.01646457,0.011240619,0.010603042,0.018960323,0.007130556,0,0.006556257,0.006556257,0.076033058,7
2103,152181.1493,4381.7,57.17659846,55.01206123,0,0.960358443,0.003439515,3960.593871,0,0.560831295,12.35741119,0,0.007890063,0.001537429,43.17257545,0.541631094,0.70444095,0.055328391,0.989590354,0.672642852,0.971302329,0.483293675,0.022505814,0.021742131,0.011201225,0.004017793,0.02210503,0.006715861,0,0.142113418,0.142113418,3.066666667,11
2104,90493.58828,3922.1,38.84106346,142.0117409,0.002352418,0.862404764,0,2404.451609,0,0.77848651,17.42160613,0.001358417,0.014410633,0,42.92128793,0.564636796,0.786573329,0.22638223,0.834148931,0.42507838,0.945473848,0.599881827,0.025034916,0.020446291,0.024977582,0.023546872,0.024513408,0.011630806,0,0.536304011,0.536304011,18.4,9
2201,113224.8835,2791.8,45.99211167,86.19421467,0.000879724,0.914174811,0.002981055,2046.67903,0,0.504730649,7.422067713,0.000364783,0.007007095,0.000989955,42.26352915,0.54743989,0.793598597,0.123708017,0.934722195,0.461709577,0.953311282,0.361338655,0.016035515,0.014150182,0.012341816,0.009366249,0.016167711,0.00879969,0,0.08783314,0.08783314,0.076033058,7
2202,86677.82504,1484.4,37.25348609,141.2591643,0.014215723,0.833250421,0.026888772,1555.108381,0,0.604679748,10.5466371,0.003242029,0.010315045,0.003928125,41.43957224,0.552115438,0.832866349,0.176940319,0.91776408,0.368489462,0.954188848,0.409720186,0.016838032,0.013209631,0.015149444,0.010422928,0.015887161,0.007990883,0,0.002697689,0.002697689,0.076033058,7
2301,56524.16702,2739.4,17.78453831,130.4758121,0,0.73938471,0,3073.642812,0,1.008360352,13.69010407,0,0.02418439,0,41.77187054,0.594177868,0.519961953,0.421541388,0.603113814,0.176090711,0.901904833,0.758827801,0.031182883,0.032186192,0.033201146,0.03291201,0.022825063,0.018260274,1,0.775104617,0.775104617,1,1
2302,99632.76019,7661.7,31.30961115,233.4407295,0,0.68594487,0,5792.814257,0,1.426065553,22.57471728,0,0.025521536,0,39.77201641,0.65439874,0.660757271,0.373336563,0.735242911,0.406930798,0.927421919,0.491579248,0.022546817,0.02449211,0.025975367,0.024963429,0.023665695,0.013802879,1,0.070984217,0.070984217,1,7
2303,45073.44895,3705.5,19.19854693,125.0320275,0,0.788358077,0.020604894,1589.553672,0,0.610954505,9.937564822,0,0.015580254,0.005807293,40.97226933,0.605353802,0.498522546,0.632437536,0.521619779,0.064151207,0.920077632,0.588005711,0.02760575,0.02926169,0.027008997,0.029408321,0.01268748,0.014235255,1,0.289785853,0.289785853,1,8
2304,138086.3428,6073.9,43.6184166,79.80306621,0,0.896300237,0,4797.834805,0,0.795275371,10.07764555,0,0.010926631,0,42.94996266,0.580358476,0.711874533,0.260853871,0.83871048,0.431839681,0.958551158,0.473889732,0.021721926,0.020997639,0.021157129,0.019121187,0.021544577,0.007841012,1,0.550494295,0.550494295,1,9
2305,111935.465,4827.2,43.21124171,88.07779161,0,0.91222026,0,3334.870321,0,0.893263426,15.9517518,0,0.013545659,0,44.37476251,0.528427619,0.747171416,0.230526017,0.882191975,0.489437119,0.959208847,0.619750664,0.02430266,0.02251889,0.024350438,0.019727463,0.024339427,0.009814498,1,0.232159404,0.232159404,1,10
2306,144370.0314,5704.8,46.5513652,71.50633134,0,0.905931235,0,4972.208255,0,0.896930856,11.31759039,0,0.012511271,0,43.53263071,0.604611112,0.585436552,0.368682765,0.800856245,0.424084024,0.964149273,0.565281123,0.021455577,0.023235271,0.023588651,0.019985668,0.021356458,0.008616777,1,0.547114805,0.547114805,1,9
2307,50352.98171,6409.9,17.11514559,142.5726114,0.002360448,0.747358327,0,1432.407343,0,0.517357124,9.797186983,0.001181015,0.016074841,0,42.90547603,0.627667266,0.601536841,0.646175456,0.532337692,0.090640557,0.93396129,0.64504827,0.026972437,0.027332679,0.026114519,0.029153217,0.014308058,0.012510382,1,0.915232413,0.915232413,1,1
2308,55357.38193,2729.6,25.71260545,142.3156944,0.003743441,0.808120155,0.003485273,1438.558635,0,0.623258219,11.28061813,0.001422691,0.014193467,0.001351432,41.98805647,0.519867828,0.33588465,0.349774707,0.811006308,0.204157405,0.912694503,0.48101768,0.02220519,0.020940592,0.022294159,0.018213169,0.017683745,0.011732554,1,0.166527839,0.166527839,1,11
2309,71694.92277,4298.1,31.67895097,126.0113314,0,0.838636505,0.001760819,2146.035824,0,0.782811371,13.12036852,0,0.015729351,0.001245322,42.4558368,0.549467763,0.612997971,0.31391292,0.810281605,0.224091281,0.961995799,0.5788166,0.027347036,0.027752886,0.028380477,0.023628165,0.022135867,0.010410472,1,0.395054654,0.395054654,1,12
2310,73708.04496,4885.3,34.22058993,117.0199875,0.006647125,0.840780576,0.001073234,2708.650584,0,0.891430773,12.81615709,0.002710588,0.016967363,0.001073511,44.00322382,0.549063643,0.602129895,0.332777919,0.702140761,0.193320535,0.963849748,0.639028012,0.027143008,0.027598966,0.027453995,0.02732362,0.020291077,0.008631579,1,0.984617051,0.984617051,1,1
2311,89040.99687,4868.8,34.04562904,119.5648863,0,0.831013979,0,2846.0315,0,0.839617806,11.18211051,0,0.014082818,0,40.60414843,0.581789345,0.686838934,0.386314716,0.768767315,0.323120179,0.952748283,0.436579592,0.020936147,0.019557914,0.021841079,0.01930461,0.018884788,0.008685165,1,0.519441837,0.519441837,1,2
2312,71832.3174,3545,30.77860335,116.7777596,0,0.852052105,0,1713.618412,0,0.649342208,11.41166714,0,0.013706473,0,42.94097623,0.553557004,0.678787791,0.214429956,0.836458574,0.214083776,0.956727441,0.50497734,0.023393234,0.022046008,0.022317155,0.019966931,0.018626786,0.007897134,1,0.573426449,0.573426449,1,3
2313,65754.41129,3004,32.28882845,104.1878574,0.004591473,0.847643768,0,1408.120883,0,0.776127664,13.35812538,0.001874555,0.014527598,0,43.81555135,0.54208097,0.719229753,0.392281258,0.786189227,0.203542162,0.958966225,0.546026959,0.026530005,0.023997483,0.026860332,0.023104405,0.020079685,0.010076529,1,0.225089979,0.225089979,1,4
2314,80994.93689,1777.1,35.35625158,96.85457743,0.002583497,0.874378214,0.002884604,1923.200229,0,0.645972884,8.497107451,0.001055609,0.009920075,0.001077096,43.47384877,0.502280598,0.491230626,0.156571147,0.911970055,0.273817395,0.962300097,0.415402085,0.0202722,0.020256125,0.016552402,0.011974027,0.017543611,0.007202598,1,0.353622402,0.353622402,1,5
2315,107553.6439,5083.3,43.92040206,67.52278707,0,0.921200323,0,2734.114895,0,0.655278023,9.306011018,0,0.009579964,0,42.50213289,0.577501474,0.645213289,0.325368587,0.789944958,0.357528995,0.947808138,0.452558912,0.019397941,0.019890008,0.020577977,0.018541909,0.017968832,0.008135484,1,0.695731329,0.695731329,1,6
2400,76013.02607,357.4,29.93985308,107.5052716,0.026060266,0.816761895,0.065979662,1593.470336,0,0.703781096,9.329498681,0.004836436,0.014294757,0.008416531,42.90534483,0.586658291,0.797446433,0.175965228,0.854137662,0.202400761,0.943054094,0.553060975,0.024126871,0.021709133,0.020314286,0.019788775,0.018280164,0.011988444,0,1.10E-05,1.10E-05,0.076033058,7
2501,59186.72363,3254.9,28.24035002,121.2229439,0,0.797715588,0,1503.427905,0,0.861586827,13.24087776,0,0.016947602,0,41.65066175,0.549314075,0.604142745,0.196153381,0.817761528,0.27125763,0.933492476,0.546106139,0.023740268,0.023848012,0.019905336,0.019000838,0.020970987,0.012343782,0,0.241537641,0.241537641,3.066666667,10
2502,46713.28693,3999.2,15.4555064,181.3025921,0.008006968,0.665271138,0.005275295,1764.175454,0,0.592953128,11.13489343,0.002598412,0.017036782,0.002531118,41.61198138,0.573243663,0.520993275,0.465349198,0.630750129,0.127304708,0.91621314,0.650892438,0.027641311,0.028151073,0.028668123,0.028415966,0.016557638,0.014818222,0,0.276740737,0.276740737,4.6,8
2503,85838.08354,3173.3,37.33972016,104.6993544,0,0.860821373,0,1946.16607,0,0.617752834,8.938382319,0,0.01054754,0,42.9356793,0.54367637,0.734357659,0.191923512,0.88010508,0.356406105,0.947500789,0.476384448,0.019272203,0.017907263,0.01747261,0.014050801,0.018301676,0.00824863,0,0.074015291,0.074015291,0.076033058,7
2504,75416.68462,2756.7,33.51025113,116.5309056,0,0.820062572,0.002142112,1616.239659,0,0.654961005,8.160639519,0,0.011149053,0.001070609,41.92276406,0.591016499,0.671514607,0.341084461,0.82223291,0.276656699,0.948599987,0.43977893,0.019066211,0.019755632,0.020042888,0.015742603,0.016732675,0.008576077,0,0.018737222,0.018737222,0.076033058,7
2505,66957.62957,4759.5,30.57274953,145.1360865,0,0.776624238,0.004527715,2028.896583,0,0.995744708,13.52680254,0,0.018921053,0.002025588,40.59850677,0.581834975,0.62737069,0.365040025,0.783512931,0.248706897,0.933713054,0.556603093,0.024695646,0.025458643,0.026240162,0.023061198,0.019186926,0.013360259,0,0.014574039,0.014574039,0.076033058,7
2506,84718.3368,4078.9,38.40834231,139.7296827,0,0.844395082,0,1953.702677,0,0.580662868,10.43036387,0,0.010802458,0,42.79673038,0.537547982,0.671537967,0.154332534,0.912228912,0.337863643,0.94620136,0.466791505,0.019276213,0.018535208,0.015534151,0.011214427,0.01738521,0.009032657,0,0.047638141,0.047638141,0.076033058,7
2507,108779.8918,3853.7,43.68625979,67.3277009,0,0.921462784,0,2787.987777,0,0.717366691,8.682627473,0,0.010026512,0,44.37192484,0.562368649,0.781926072,0.135539004,0.917774138,0.38346829,0.962433552,0.528114264,0.022659495,0.021793936,0.019180027,0.016056531,0.02184142,0.008377515,0,0.134946867,0.134946867,3.066666667,11
2508,80684.9845,2123.6,39.11418702,88.41102125,0.002633397,0.879302637,0.004819767,2192.696146,0,0.736601026,9.160291931,0.001316414,0.011040015,0.002466996,42.71517101,0.532663947,0.628333856,0.178224035,0.865688735,0.325384374,0.951443364,0.500744321,0.023582194,0.023520867,0.020217654,0.018081932,0.021696674,0.010125448,0,0.206449831,0.206449831,4.6,4
2509,118244.9987,1890.9,47.23562723,66.8470214,0.001955438,0.926207647,0.003366701,2480.158734,0,0.637086658,8.311467495,0.000913351,0.008074657,0.001192287,43.49722992,0.556298533,0.899402843,0.134190091,0.939217111,0.409802007,0.960231143,0.423965231,0.019533882,0.011645199,0.016439276,0.010069486,0.019152096,0.008146264,0,0.022308374,0.022308374,0.076033058,7
2510,66028.09298,3862.1,29.52289022,126.430239,0,0.82289852,0,1659.72318,0,0.731224259,13.63908286,0,0.016578778,0,43.52025246,0.543110428,0.798534266,0.156891648,0.899080283,0.212053896,0.942990014,0.590617068,0.02673018,0.024091527,0.022081051,0.017046572,0.021077994,0.01228256,0,0.015802943,0.015802943,0.076033058,7
2511,77803.5536,226.7,31.24939934,74.96937072,0.021211232,0.865001926,0.071272674,2068.283279,0,0.726139569,8.037391524,0.004001943,0.012550164,0.007675583,44.72407754,0.557795645,0.955797476,0.067965609,0.903037058,0.237809975,0.954065995,0.601014062,0.024487696,0.010290297,0.014965097,0.017313514,0.018750388,0.013918367,0,9.97E-07,9.97E-07,0.076033058,7
2600,71156.20141,450.9,27.60229005,79.48793987,0.021406355,0.858213393,0.079320912,2047.6456,0,0.58973837,6.833269646,0.003974978,0.010847139,0.008693563,42.44095716,0.570446903,0.896145036,0.134282048,0.891141544,0.208359732,0.940949039,0.550279202,0.023677226,0.01553936,0.019980276,0.014882887,0.020486982,0.013064412,0,2.87E-07,2.87E-07,0.076033058,7
2700,63003.27144,86.6,19.12241942,71.42549554,0.070000317,0.79899943,0.184123868,1715.835665,0,0.506832258,6.930479561,0.00755684,0.01285896,0.011591777,45.87881525,0.545574568,0.915347868,0.101728481,0.872630939,0.23595935,0.955771736,0.58343497,0.023277992,0.015646747,0.015331107,0.016197319,0.01890613,0.011192326,0,2.59E-12,2.59E-12,0.076033058,7
2800,52590.83901,58.2,12.72990527,83.49498824,0.032687703,0.718483121,0.09670686,1724.367365,0,0.467370964,6.525203674,0.004323688,0.01829178,0.008223771,46.11943537,0.552460284,0.796593261,0.213607003,0.832580991,0.184876674,0.947103275,0.68520495,0.025835604,0.022791555,0.0235938,0.021346546,0.018562892,0.014906116,0,1.59E-09,1.59E-09,0.076033058,7
2900,58691.78838,1000.9,19.20537285,103.6148961,0.003180377,0.76605345,0.012751324,1609.623414,0,0.655496151,9.213573077,0.001590243,0.016771876,0.003068327,43.19718897,0.521549243,0.735393961,0.179580331,0.83616223,0.239552935,0.956782403,0.61448986,0.02643005,0.026371314,0.023965067,0.023010648,0.020502875,0.011899187,0,0.015150151,0.015150151,0.076033058,7
3000,57809.46943,744.5,19.3336879,96.44126242,0.008790181,0.813255406,0.029468147,1886.670604,0,0.690101222,9.580519792,0.00320105,0.016244454,0.004971553,44.10664722,0.53492967,0.822764266,0.319918145,0.81504916,0.268029355,0.950486898,0.651007159,0.029255051,0.024194516,0.030108773,0.026741992,0.024509853,0.010990855,0,0.000908974,0.000908974,0.076033058,7
3100,53581.54548,45.9,11.71650776,68.61911771,0.047970034,0.740102816,0.12721341,1853.689713,0,0.409179525,7.026958249,0.006096894,0.016399265,0.01094428,46.16716053,0.552661676,0.848019339,0.306950509,0.819920981,0.217638802,0.965819297,0.686203514,0.028053588,0.021579213,0.027263365,0.021631043,0.023727183,0.011133682,0,2.51E-10,2.51E-10,0.076033058,7
3200,83672.6521,1195.2,25.98061972,44.99883129,0,0.864754723,0.009359851,3458.546016,0,0.707904703,4.914009716,0,0.012422221,0.004084089,45.02012978,0.535728475,0.830580623,0.290633218,0.852034735,0.290576461,0.969767486,0.599193799,0.025719597,0.018661886,0.025322481,0.019351389,0.021691136,0.009660023,0,0.008495206,0.008495206,0.076033058,7
3300,55322.83962,1334.7,14.80406287,62.63448276,0.006023927,0.859404175,0.023908046,1446.600685,0,0.41372379,7.343944183,0.002294839,0.013417452,0.005802465,44.0002407,0.545903119,0.828282018,0.461799218,0.715414703,0.136836827,0.957075519,0.61372476,0.027044468,0.018826866,0.02763091,0.026605162,0.016848372,0.010302056,0,0.084393083,0.084393083,0.076033058,7
3400,54933.70218,47.5,12.06701865,52.88480371,0.015817934,0.805692753,0.050093673,2171.426349,0,0.469828198,6.19154286,0.003231219,0.015721552,0.006211382,45.13516946,0.555718599,0.791319807,0.523464176,0.732229026,0.149053249,0.955103423,0.724729093,0.029545495,0.023384937,0.029601064,0.025891859,0.017847224,0.015151495,0,2.64E-05,2.64E-05,0.076033058,7
3501,90158.5407,2243.5,39.70074618,110.611869,0.002075318,0.845505421,0.002098636,3055.624724,0,0.893783744,11.94183728,0.001467012,0.014635676,0.001212048,45.23389104,0.531911855,0.802081208,0.586186493,0.917322995,0.463823709,0.953784942,0.598865128,0.025214603,0.02002939,0.024115342,0.015467606,0.024873611,0.011867837,0,2.81E-06,2.81E-06,0.076033058,7
3502,40636.10775,5199,18.52026872,128.6176403,0,0.642698356,0,1950.015888,0,0.822233669,9.594713381,0,0.021765435,0,44.34642491,0.530069235,0.78658139,0.864106306,0.729640784,0.239280946,0.960135366,0.764279174,0.031954253,0.02477875,0.020442435,0.028095172,0.027459515,0.01091255,0,7.89E-08,7.89E-08,0.076033058,7
3503,39653.20867,4568.4,17.95892579,156.3604657,0.004748618,0.659145785,0,1283.240104,0,0.673640494,11.6326993,0.001940523,0.021911319,0,43.96567976,0.521963746,0.638277946,0.681480363,0.789969789,0.17244713,0.924592145,0.774221896,0.031764821,0.031226584,0.028241385,0.026697536,0.02242194,0.015929121,0,1.11E-06,1.11E-06,0.076033058,7
3504,46305.3177,1705.9,24.19374897,106.7718446,0.003823436,0.826659011,0.003026702,979.850028,0,0.463639293,8.038551452,0.001572013,0.010500964,0.000892022,41.96904066,0.601610912,0.799735996,0.807106103,0.764621045,0.172946943,0.927337839,0.449157099,0.020333369,0.014660849,0.017042314,0.017664418,0.014861778,0.011965056,0,6.91E-05,6.91E-05,0.076033058,7
3505,48801.6208,4742.2,24.06371275,109.1548415,0.001129659,0.815570174,0.002537387,1503.613391,0,0.565604906,9.980527052,0.00079903,0.014489212,0.001285633,43.95415834,0.537695327,0.770291787,0.86560394,0.784862623,0.205713545,0.938846923,0.561198144,0.025376355,0.019197462,0.016664267,0.021714527,0.019514125,0.011773832,0,5.06E-06,5.06E-06,0.076033058,7
3600,60487.20466,79.4,21.18931571,69.90385471,0.078763465,0.819668239,0.176689219,1672.684515,0,0.563513085,8.223507183,0.008019705,0.013049901,0.0127271,45.48835242,0.549559006,0.919963029,0.120470603,0.872526749,0.21549982,0.962997196,0.653651565,0.024613959,0.012461523,0.015448476,0.01591597,0.018948262,0.01210334,0,3.90E-10,3.90E-10,0.076033058,7
3701,72800.41722,489.5,23.40741009,98.68633991,0.02779389,0.80808923,0.089218387,2516.810197,0,0.621679372,9.871212239,0.005066964,0.015208976,0.009660398,43.39890072,0.544417726,0.772037101,0.134615825,0.893828009,0.26517806,0.978632772,0.682457246,0.02762585,0.025019172,0.019232386,0.018793119,0.023915012,0.00621688,0,7.82E-07,7.82E-07,0.076033058,7
3702,70096.65771,2513.1,24.1109767,193.3379565,0,0.730285524,0.011356289,2762.516647,0,0.74253653,13.66856343,0,0.017332459,0.003850259,40.27353791,0.538101757,0.577135143,0.192257966,0.936991406,0.234922808,0.934120465,0.566302421,0.027250724,0.026900319,0.023634661,0.013364654,0.022912099,0.012933843,0,0.000294609,0.000294609,0.076033058,7
3703,62845.25901,681.7,16.39209213,206.5937764,0.00877235,0.621816036,0.037449958,2185.949221,0,0.805943301,18.31332604,0.002255047,0.023600533,0.00588149,41.17307514,0.535372908,0.809663749,0.109846259,0.969715718,0.252575247,0.962755591,0.682911649,0.035301453,0.026381003,0.020048398,0.010855054,0.032288974,0.014722326,0,1.51E-07,1.51E-07,0.076033058,7
3801,45190.64315,2840,14.95303102,122.0666963,0,0.719012565,0.005172862,1386.436133,0,0.566007879,11.66733256,0,0.020790106,0.00260062,42.21811602,0.523905858,0.704980625,0.322515386,0.742420789,0.152439024,0.924863232,0.797133609,0.03253917,0.029357322,0.031213933,0.028843457,0.022244889,0.019162018,0,0.009092607,0.009092607,0.076033058,7
3802,65358.60536,256.5,25.75690824,81.47509425,0.013124649,0.81944333,0.078517286,1910.839265,0,0.639003307,6.517821254,0.0029156,0.013785817,0.007453954,45.19685426,0.549581746,0.903507049,0.090150414,0.895436516,0.267859247,0.970840042,0.54834231,0.024388795,0.01534821,0.017005263,0.01844797,0.020455752,0.009476419,0,1.48E-08,1.48E-08,0.076033058,7
3900,60168.95542,47.6,19.61411302,53.7590824,0.08957864,0.822349843,0.184416347,1621.433718,0,0.574847889,5.401255143,0.008657127,0.013547709,0.01262665,44.17807903,0.509750342,0.786184502,0.168426282,0.801568572,0.186081587,0.957715989,0.613431829,0.026329514,0.02175215,0.022185056,0.022869641,0.019390519,0.010512834,0,3.84E-08,3.84E-08,0.076033058,7
4000,67290.33385,1703.5,26.35627654,175.6457321,0.022324674,0.747207025,0.035304358,1973.742266,0,0.787305592,16.65085592,0.006266853,0.017232314,0.007206347,42.53627306,0.577378171,0.71028282,0.220180571,0.874254631,0.388825542,0.95562368,0.646393092,0.025456565,0.025709772,0.0230718,0.019378962,0.024789775,0.011568026,0,0.003337544,0.003337544,0.076033058,7
4100,48841.81094,104.6,14.21989944,83.50320485,0.018163241,0.778821558,0.078945047,1347.855241,0,0.512393078,8.825770456,0.002956726,0.015997672,0.00712573,43.76225365,0.530546563,0.77251472,0.108479582,0.82908313,0.159633479,0.912951288,0.630197614,0.028809892,0.029446193,0.01858587,0.021194922,0.018735207,0.018934832,0,9.61E-08,9.61E-08,0.076033058,7
4200,59615.52741,211.5,17.21064401,55.01054178,0.005270892,0.859666496,0.028846154,1486.015969,0,0.478510917,6.4949157,0.001867999,0.012016877,0.006028647,42.49912031,0.544846099,0.902707997,0.031904667,0.89895344,0.160956233,0.93952805,0.628080768,0.025455731,0.016979803,0.007980405,0.015958381,0.018863405,0.015257523,0,0.006757495,0.006757495,0.076033058,7
4300,80591.63289,1961.6,23.57414354,100.1396916,0,0.751810921,0.004866673,3940.375592,0,0.842276517,8.306802996,0,0.017047106,0.002429544,43.10461641,0.510626737,0.518359073,0.10221312,0.885206161,0.245428518,0.935236463,0.640669605,0.028131316,0.028226578,0.016096346,0.018267894,0.02312349,0.012960411,0,0.006161327,0.006161327,0.076033058,7
4400,59107.30174,1193.8,18.64640217,61.8798913,0,0.836206522,0.016119565,1613.035068,0,0.608451072,7.028717875,0,0.014888836,0.003629376,44.11297493,0.594504789,0.644392502,0.147600715,0.832943765,0.161716852,0.935262844,0.63664113,0.026470165,0.026974048,0.020292232,0.021884866,0.017815881,0.016223689,0,0.018566182,0.018566182,0.076033058,7
4501,110664.9293,1586.7,42.19864995,86.45000648,0.002453979,0.872601793,0.007261187,2897.151779,0,0.796743003,9.240568092,0.001097987,0.012269231,0.002730693,42.93797437,0.578296255,0.809990986,0.159884518,0.895112934,0.388339495,0.969444408,0.594822387,0.024165167,0.022157406,0.019040446,0.017869795,0.022275045,0.010795608,0,0.034486928,0.034486928,0.076033058,7
4502,65303.50894,240.6,22.94998913,76.34328115,0.007659274,0.831235051,0.029452055,1625.196339,0,0.562556458,7.502864445,0.001952962,0.012071123,0.00420818,42.51650644,0.572962905,0.844582989,0.129765118,0.822912717,0.142423769,0.941714439,0.466544015,0.020955776,0.016158077,0.014825758,0.016474427,0.013434462,0.011035907,0,0.0060911,0.0060911,0.076033058,7
4503,76593.80597,269.2,29.57054553,66.68327351,0.017948264,0.863754165,0.049611255,2029.737161,0,0.734929095,7.510899518,0.003515717,0.012191048,0.008125253,44.02823427,0.57099732,0.866076906,0.164255965,0.855357892,0.232977109,0.946404933,0.560131181,0.025062289,0.018227299,0.020514443,0.02008312,0.019868704,0.012153437,0,0.000136291,0.000136291,0.076033058,7
4601,48078.35933,5409.6,12.53451466,149.7372848,0.001766388,0.661119834,0,1404.051417,0,0.565618351,10.41077197,0.001249556,0.01993047,0,42.55647953,0.653177177,0.483684176,0.712127479,0.549404619,0.115375405,0.905022095,0.683041753,0.027597901,0.030263283,0.027783208,0.030091591,0.017065531,0.018833386,0,0.020971023,0.020971023,0.076033058,7
4602,40037.74884,4448.3,13.76023449,137.8174997,0,0.694978538,0,1062.496178,0,0.48460075,8.93165424,0,0.016195421,0,42.17680617,0.581282933,0.324260767,0.564168445,0.608522406,0.072703915,0.9217219,0.623297917,0.027702241,0.026952829,0.02817347,0.028508679,0.015618012,0.01605152,0,0.233828338,0.233828338,3.066666667,10
4603,98877.54482,5142.1,33.88030303,183.8936237,0,0.743623737,0,4588.682105,0,1.288792588,18.85360784,0,0.02144581,0,43.24568723,0.579523389,0.79403033,0.357072936,0.813993421,0.460643505,0.953173393,0.636162197,0.026641184,0.023001029,0.028083648,0.024094914,0.027140525,0.014131948,0,0.004420688,0.004420688,0.076033058,7
4604,194635.0655,9478.1,52.2541944,137.2718071,0,0.852645697,0,8214.118242,0,1.61500952,26.81622,0,0.024140883,0,41.4366542,0.625921444,0.689941138,0.29776378,0.852816591,0.502351744,0.958232479,0.587181859,0.023653535,0.02376425,0.024486365,0.019179786,0.024883109,0.010430348,0,0.245717036,0.245717036,3.066666667,10
4605,111240.0651,5298.7,35.88050881,125.2496404,0,0.849869158,0,6687.390303,0,1.149355787,16.23959385,0,0.017561438,0,42.79482005,0.604404553,0.766123179,0.506169561,0.690937738,0.245879583,0.956326234,0.688279606,0.028618715,0.025252084,0.02982654,0.030140768,0.021756518,0.009554429,0,0.640041924,0.640041924,9.2,3
4606,60865.2795,4520.8,23.36686978,124.0666318,0.004012421,0.756533524,0.003137372,2410.829693,0,0.715970042,10.62758361,0.002004935,0.017002513,0.00221574,42.61541427,0.555327827,0.496945961,0.458389984,0.704032144,0.216400495,0.917327868,0.594929631,0.027595441,0.027989338,0.028379891,0.026252797,0.021855574,0.016046359,0,0.073717507,0.073717507,0.076033058,7
4607,103088.8965,5396.6,32.65531854,178.1946399,0,0.728508379,0.004093642,4769.588626,0,1.336089257,17.75234946,0,0.021750645,0.002110006,41.73937822,0.534013811,0.484229412,0.173506619,0.909929741,0.579923409,0.951361457,0.54573316,0.023474565,0.023526929,0.020168392,0.014478796,0.023630907,0.010901037,0,0.012042111,0.012042111,0.076033058,7
4608,57279.88595,3145.7,19.05136401,167.2380667,0,0.729728164,0.006991454,1834.831349,0,0.685082805,12.79607656,0,0.017336867,0.002495928,43.14713681,0.518328846,0.252919863,0.266947351,0.721332713,0.184037407,0.920328725,0.655037046,0.02893716,0.023537519,0.025119439,0.026326287,0.02130689,0.015893063,0,0.459491037,0.459491037,9.2,2
4609,92491.49032,7233,32.17697923,128.3275991,0,0.828263521,0,4883.970075,0,1.178509613,17.36354391,0,0.020940493,0,44.15467693,0.562670503,0.421521731,0.335195635,0.814903397,0.291957846,0.906722972,0.658203599,0.029292006,0.028943881,0.029536475,0.024966996,0.025630501,0.019378484,0,0.044355936,0.044355936,0.076033058,7
4610,86381.44368,7297.4,35.79116928,127.6441216,0,0.822643103,0.001572235,3761.45406,0,1.01213246,18.20015588,0,0.019446282,0.00157218,42.64924907,0.538384436,0.557001545,0.321748989,0.832626771,0.315685695,0.934453975,0.550559539,0.026717885,0.026731199,0.026365427,0.021154744,0.023340836,0.015070403,0,0.027461176,0.027461176,0.076033058,7
4611,51657.69405,4546.6,20.49250355,118.9082536,0,0.773086645,0,1272.833573,0,0.638973781,10.59813094,0,0.016588305,0,41.45719352,0.593465046,0.462980282,0.680753644,0.608156028,0.080137947,0.907099992,0.642459497,0.027753554,0.028641717,0.026463834,0.028034829,0.013563244,0.01653671,0,0.108531352,0.108531352,0.076033058,7
4612,102516.5454,5014.4,40.4226386,108.0691082,0,0.907369104,0.003055251,3616.990771,0,0.998660523,15.95091125,0,0.012649571,0.002158844,43.59985559,0.508464682,0.601745169,0.274602882,0.857098965,0.419270593,0.951439457,0.571762889,0.025376298,0.025250779,0.024360497,0.020514299,0.024492566,0.011629138,0,0.422118107,0.422118107,9.2,12
4613,96438.38142,9262.5,32.25622227,109.6136056,0,0.791038671,0,7220.818641,0,1.545879786,16.26404215,0,0.027092907,0,41.07043161,0.636004409,0.593521581,0.436224879,0.688679725,0.266700585,0.929008734,0.647575312,0.026487154,0.028078376,0.028606625,0.027459279,0.022398295,0.016242673,0,0.412298358,0.412298358,9.2,5
4614,76556.86668,2230.3,29.4399185,78.3385981,0.00559118,0.872224153,0.001453075,1598.341872,0,0.675214824,9.146562577,0.002277755,0.011875926,0.001027405,43.53823234,0.594957742,0.759805186,0.234622547,0.865792866,0.190975505,0.944334623,0.490031044,0.023311435,0.021385222,0.021092168,0.017482862,0.017310966,0.011476999,0,0.228297695,0.228297695,4.6,4
4615,53421.36881,4403.4,27.48018289,117.559117,0,0.823702771,0.005116601,1259.289679,0,0.705550948,9.533699689,0,0.013366182,0.002911754,42.45467152,0.539923415,0.453521171,0.500039396,0.655588648,0.132621062,0.955782474,0.547491572,0.026568711,0.026665578,0.026729926,0.026033871,0.016725831,0.01099223,0,0.819280702,0.819280702,27.6,1
4616,94697.22553,3652.9,45.64538156,68.35767757,0.002631057,0.916202925,0.002631057,2451.52502,0,0.839647292,9.799475929,0.001518904,0.012627852,0.001518904,43.43252829,0.562589742,0.62681638,0.228189076,0.914694733,0.401542129,0.96357188,0.579047859,0.024316605,0.024503466,0.02334785,0.01585584,0.023784077,0.009294671,0,0.06097814,0.06097814,0.076033058,7
4617,103419.5702,2786.6,46.81159156,77.41269219,0,0.934191242,0.002137769,1798.471261,0,0.531730622,10.15983133,0,0.007113995,0.000814815,43.1742905,0.573457656,0.756447744,0.171357444,0.927379713,0.422704024,0.970262074,0.39168283,0.018212613,0.017048727,0.015667157,0.011993089,0.017861903,0.00603128,0,0.116148594,0.116148594,0.076033058,7
4618,80742.25819,3870.7,38.25260437,75.60975344,0,0.90913841,0,1656.956386,0,0.592720257,8.018448409,0,0.00900623,0,42.93365937,0.53339431,0.674662137,0.320260584,0.840289704,0.288676921,0.945643246,0.421943262,0.020656071,0.019128023,0.02080877,0.017863466,0.017623145,0.009697001,0,0.167186989,0.167186989,3.066666667,11
4619,107208.0756,3925.1,43.64824126,71.03557155,0.001587257,0.920603158,0.001955727,2393.622917,0,0.564880039,7.731153871,0.000793802,0.008133521,0.000875198,44.79790639,0.564686403,0.707983287,0.225730097,0.921856247,0.414488598,0.939080766,0.447422024,0.019985059,0.018645909,0.018258177,0.010901145,0.01947003,0.009903897,0,0.010537869,0.010537869,0.076033058,7
4620,123333.4217,3783.4,41.15894971,83.80845857,0,0.897861549,0,3691.172218,0,0.839892977,9.617529437,0,0.010958146,0,45.30772497,0.529725638,0.718880396,0.217994166,0.911229275,0.471289834,0.97020051,0.603199401,0.025811473,0.024084906,0.021659414,0.015111699,0.025766551,0.007616331,0,0.106775568,0.106775568,0.076033058,7
4621,94111.52639,1880.1,40.78439204,106.2385841,0.001534595,0.878986205,0.006555449,1827.375688,0,0.644411498,10.25901654,0.000767838,0.010677487,0.001716811,44.3433934,0.544204004,0.810246718,0.115070902,0.944976197,0.387471068,0.957812389,0.408270711,0.019665544,0.016101717,0.013297105,0.008793778,0.01907047,0.008476776,0,0.005784402,0.005784402,0.076033058,7
4622,58155.76673,1718.5,24.20352792,122.4073248,0.003557262,0.778294593,0.006234376,1231.613188,0,0.66613429,10.11588837,0.001451889,0.013805458,0.002287501,42.77108993,0.577285517,0.557867913,0.400124761,0.745566999,0.141630389,0.924917711,0.468797249,0.024149685,0.024570126,0.024257886,0.021513336,0.016478164,0.013869666,0,0.021209701,0.021209701,0.076033058,7
4623,78182.59065,2287.3,30.48227449,119.8336296,0.003272296,0.842833326,0.013123631,2581.40238,0,0.76685487,12.23883889,0.001462944,0.012986132,0.003096307,41.82816256,0.573476136,0.546017809,0.359881273,0.773832767,0.182299367,0.930253817,0.474410322,0.021815009,0.022274441,0.021667096,0.019442637,0.015275446,0.011855601,0,0.077580087,0.077580087,0.076033058,7
4624,81322.85056,4093.5,32.52702428,102.2626988,0,0.887042987,0,2378.367842,0,0.937307964,12.10090051,0,0.012640259,0,43.26377565,0.563347999,0.663892564,0.343922099,0.812955727,0.279281912,0.929344984,0.577737723,0.026037684,0.025001958,0.026007152,0.021868234,0.021667091,0.014618834,0,0.261891832,0.261891832,4.6,8
4625,62150.51205,4564.1,26.7145672,126.3652296,0.001564449,0.810830346,0,1662.391197,0,0.764267405,12.0693492,0.001106498,0.016157548,0,42.11427201,0.576142643,0.595458837,0.561918618,0.701527651,0.146218019,0.912117507,0.602358907,0.025777643,0.02601798,0.025758749,0.024965833,0.016480201,0.014652974,0,0.051351358,0.051351358,0.076033058,7
4701,109249.9984,1466.2,46.10438643,54.21711319,0.00285159,0.921542505,0.007528197,2029.395154,0,0.5399608,5.536350825,0.000869983,0.006757227,0.001380615,42.27435383,0.569136059,0.60922429,0.215228302,0.917056712,0.410251089,0.959911769,0.436945787,0.019628995,0.019861947,0.017782581,0.010455421,0.018736518,0.00816434,0,0.038152518,0.038152518,0.076033058,7
4702,101250.6649,3410.8,43.47934192,98.51379972,0,0.878926297,0.000385078,2076.03817,0,0.668087834,9.731555762,0,0.010560769,0.000385188,43.35107616,0.534924143,0.436224545,0.166745349,0.915838716,0.475140018,0.931364134,0.572769535,0.023607476,0.023155387,0.019742328,0.018043194,0.023439751,0.012540187,0,0.056517282,0.056517282,0.076033058,7
4801,68467.80931,341.4,23.35953563,67.24843776,0.012387986,0.825340395,0.03825432,1698.203709,0,0.62850311,7.042918428,0.004807793,0.014837244,0.007280554,43.45945135,0.581267383,0.844288373,0.223702903,0.889649239,0.166936791,0.945134762,0.550916405,0.024989021,0.020514651,0.022202014,0.014712717,0.015836137,0.013366888,0,1.94E-05,1.94E-05,0.076033058,7
4802,86097.80822,1188.4,37.96692116,85.34021079,0.005228856,0.863155935,0.012275148,2392.15391,0,0.848919034,10.37209512,0.002447463,0.013273271,0.003144801,42.17373391,0.559594226,0.75293016,0.19886071,0.873101834,0.365649629,0.971002731,0.513988252,0.023403181,0.02086537,0.020847746,0.01819503,0.022009141,0.011041211,0,0.056265182,0.056265182,0.076033058,7
4901,56835.73284,2308.8,22.05378754,149.4894409,0,0.763621442,0.004507815,1568.522687,0,0.783484496,16.20694883,0,0.018435392,0.002252093,44.62345999,0.535293509,0.642778756,0.220747489,0.880111813,0.238471892,0.924712703,0.672469689,0.027444661,0.026476987,0.023158863,0.017637674,0.021970056,0.01527799,0,0.000718527,0.000718527,0.076033058,7
4902,93274.84803,1286.6,41.22587537,71.13254875,0,0.892315994,0.001990637,2103.396154,0,0.712926712,7.312766313,0,0.009943842,0.001148895,43.61792105,0.548210526,0.828578947,0.145815789,0.924671053,0.358907895,0.952578947,0.480112154,0.021010131,0.017254293,0.017172286,0.0136406,0.019351925,0.00981997,0,0.008019142,0.008019142,0.076033058,7
5000,55448.50511,55,19.04207945,60.07604601,0.064066019,0.806755437,0.088604062,1395.794955,0,0.562702809,5.595093234,0.007991423,0.015538329,0.008789314,45.46121137,0.546567102,0.801783862,0.244575814,0.780937565,0.131010164,0.947500519,0.728953664,0.027954926,0.023018965,0.026321787,0.025034578,0.015734445,0.01448444,0,0.007836627,0.007836627,0.076033058,7
5100,60549.54813,92.2,22.9365936,110.7107476,0.074054698,0.765644659,0.15449308,1344.645042,0,0.604354251,9.031497855,0.006759791,0.014844097,0.009830459,43.69706226,0.562145571,0.785428237,0.225387314,0.861999415,0.2209734,0.955714703,0.555220184,0.023487779,0.021159212,0.020825316,0.017994384,0.019202079,0.009677448,0,1.77E-09,1.77E-09,0.076033058,7
5201,78819.06022,786.4,40.13042613,83.18830484,0.016214531,0.891566984,0.053300957,1253.621135,0,0.561563542,7.649510195,0.002925139,0.009391704,0.005709254,42.53240774,0.538225427,0.850298618,0.190389512,0.920967473,0.353011159,0.954802865,0.461750708,0.020835612,0.01674834,0.018729796,0.011769793,0.019160259,0.011238325,0,6.09E-06,6.09E-06,0.076033058,7
5202,103610.8481,2641.3,43.35641139,138.3864158,0,0.854497845,0.000588164,2159.475406,0,0.749893574,12.6142406,0,0.012338072,0.000588302,40.94966822,0.542573643,0.758710078,0.188725581,0.943106977,0.45583876,0.945103876,0.44829833,0.022575755,0.019256005,0.020731278,0.013934077,0.02220638,0.012515964,0,0.011245023,0.011245023,0.076033058,7
5301,76036.53768,4560.4,32.01941201,178.533899,0,0.800072592,0,2388.2498,0,0.832570368,16.83135656,0,0.016694188,0,38.81165809,0.61630538,0.511026179,0.441047165,0.775466898,0.302097377,0.94842726,0.488171975,0.022295049,0.023523258,0.023811074,0.020968943,0.020604524,0.010917608,0,0.644100693,0.644100693,9.2,6
5302,59031.33378,4353,20.7997369,210.2805368,0,0.684772969,0,2236.845705,0,1.002969075,16.90325391,0,0.022210993,0,39.12891954,0.617302682,0.465609195,0.449701149,0.778590038,0.337425287,0.926743295,0.507801443,0.024213098,0.024933982,0.025533225,0.022099357,0.023109996,0.013668079,0,0.024206115,0.024206115,0.076033058,7
5303,92349.90131,3146.5,40.27696605,124.3744095,0,0.861256795,0,2110.746825,0,0.677113555,11.00248226,0,0.011397747,0,41.49142068,0.542151437,0.683980964,0.29011714,0.908662779,0.494123141,0.962761677,0.404433842,0.01936571,0.018949661,0.018287155,0.011671374,0.019481954,0.007715784,0,0.055934104,0.055934104,0.076033058,7
5304,135399.6368,3793.6,47.99854409,213.8856535,0,0.82659336,0,4649.558052,0,0.950445154,22.45640796,0,0.014830603,0,43.21730083,0.58307915,0.813705216,0.124515329,0.941593858,0.681163728,0.967443003,0.511929684,0.021056777,0.019240761,0.016441171,0.013351538,0.021615144,0.007189117,0,0.089472886,0.089472886,0.076033058,7
5401,101838.444,940.7,43.31137447,105.1283999,0.005474191,0.885084979,0.01198972,2200.138429,0,0.636908197,10.14417657,0.001478493,0.009643065,0.002359162,43.32488496,0.57104882,0.70789411,0.197481071,0.917703998,0.419243955,0.967899243,0.373982206,0.017779518,0.01767319,0.015418087,0.010819908,0.01749295,0.00589078,0,0.01755123,0.01755123,0.076033058,7
5402,92650.20668,386,37.69576777,83.17546768,0.015768626,0.8608486,0.081103481,2726.712511,0,0.839413072,8.448696014,0.004316344,0.012920179,0.011723669,42.44319227,0.571385606,0.750902272,0.285754724,0.907172175,0.381130139,0.980326941,0.662674471,0.025996301,0.024746994,0.025193036,0.016132285,0.025171235,0.005907297,0,1.06E-08,1.06E-08,0.076033058,7
5500,77567.19224,488.5,30.29097324,90.35489596,0.022487194,0.86087377,0.056494293,2006.159309,0,0.62411316,8.774914071,0.003469242,0.011179001,0.005499765,43.29763829,0.562937769,0.8632588,0.270238416,0.870206986,0.304328305,0.940575611,0.536500417,0.021437532,0.014371045,0.020301685,0.017336848,0.019102423,0.013114827,0,1.94E-05,1.94E-05,0.076033058,7
5601,39773.59506,6164.1,10.75278325,147.0427174,0.003029278,0.59315414,0,1659.947862,0,0.534671238,10.38265006,0.001750375,0.022181884,0,43.30721204,0.637103034,0.406634943,0.847862036,0.616820222,0.098207958,0.872295906,0.795095683,0.033113604,0.034116022,0.024831274,0.034373073,0.018909024,0.023481321,0,9.75E-07,9.75E-07,0.076033058,7
5602,42416.79685,5336.5,15.58653635,114.0109553,0,0.764496068,0,928.5824369,0,0.501113233,9.495751486,0,0.017875615,0,42.03451591,0.525804863,0.647993997,0.891293643,0.676178864,0.060965601,0.898468825,0.754744372,0.031208066,0.029673714,0.016912157,0.030336161,0.012013554,0.019944501,0,5.59E-05,5.59E-05,0.076033058,7
5603,48837.72603,2734.3,21.31960355,75.24192312,0.002869346,0.825473661,0.004030227,1336.945983,0,0.641125817,9.280365275,0.001436529,0.016915807,0.001648644,42.82913417,0.557350268,0.539656244,0.737235683,0.807942753,0.070131842,0.933066427,0.720712376,0.031212489,0.031544547,0.027076843,0.024688488,0.015075053,0.014474588,0,6.94E-05,6.94E-05,0.076033058,7
5604,57004.24423,3197.3,22.95622856,161.0227433,0.011653588,0.738064471,0.003759222,2053.073327,0,0.743029419,14.89082731,0.003238426,0.018704068,0.001879401,42.61418171,0.479339515,0.638787213,0.451399056,0.833862047,0.220900439,0.954530665,0.620726892,0.027997312,0.026681315,0.02799188,0.021407254,0.021354272,0.01055474,0,0.015512829,0.015512829,0.076033058,7
5605,49881.5431,3905.9,19.85011483,144.0286638,0,0.744203453,0.002143404,1106.113864,0,0.571071024,10.493646,0,0.016015896,0.001237324,41.50682953,0.566040159,0.658475515,0.715021749,0.79212879,0.150634801,0.951029645,0.539678491,0.024314472,0.022865412,0.021761189,0.02047308,0.016614387,0.008621638,0,6.48E-05,6.48E-05,0.076033058,7
5606,63645.23625,5262.4,28.75989516,120.9624175,0.001040155,0.798668327,0.001669723,1297.122493,0,0.586386773,8.720746947,0.000735652,0.013024965,0.000835296,42.24835859,0.516517252,0.660896485,0.665746533,0.853750403,0.243792325,0.953537569,0.50443457,0.022503058,0.022039814,0.020337322,0.01726462,0.018037647,0.010064815,0,4.21E-05,4.21E-05,0.076033058,7
5607,74803.7487,4464.3,35.33375267,121.747497,0,0.833344901,0.001388142,1975.057422,0,0.866114248,12.63326324,0,0.015127979,0.000981825,41.93568654,0.549739538,0.764113304,0.446880426,0.911907003,0.388412444,0.964609043,0.539048667,0.022321882,0.019147178,0.022519792,0.013977182,0.021471504,0.008110744,0,0.000464767,0.000464767,0.076033058,7
5608,71460.48272,3762.2,33.56492181,108.3419797,0,0.857653914,0.003208596,1749.311526,0,0.804877022,12.62285088,0,0.014919844,0.001851564,43.4716898,0.500843364,0.795580005,0.340393314,0.9309208,0.338706586,0.961051905,0.598494387,0.025844081,0.020165577,0.024844002,0.01481112,0.023746483,0.010617708,0,0.000807149,0.000807149,0.076033058,7
5609,57340.6731,1062.5,25.21797548,115.8317446,0.014340294,0.821737263,0.020316044,1100.910589,0,0.563498576,9.354379841,0.002893897,0.012682057,0.003886122,42.7360842,0.508948803,0.652999901,0.477176447,0.888640767,0.225033661,0.948047683,0.558990875,0.024124293,0.023386464,0.024224046,0.016115351,0.018714036,0.009938081,0,0.000385821,0.000385821,0.076033058,7
5610,113885.6428,1537.6,44.10502095,81.1076933,0.003843018,0.90251976,0.023461784,2724.623997,0,0.693983318,10.10861224,0.001918078,0.010165346,0.004999176,45.27050913,0.549188536,0.819077745,0.317734577,0.951534708,0.472635946,0.964012653,0.472337724,0.021667672,0.017458614,0.021692127,0.010860456,0.02150846,0.00836633,0,7.17E-06,7.17E-06,0.076033058,7
5611,108303.9824,3405.8,51.15845434,56.85364342,0,0.931978284,0,2503.381286,0,0.701179053,10.59967978,0,0.009968019,0,43.62643759,0.53631136,0.854894811,0.307279102,0.949481066,0.502538569,0.973043478,0.550594365,0.02328339,0.017267295,0.022865045,0.011501353,0.023365081,0.007276507,0,0.001301277,0.001301277,0.076033058,7
5700,63822.665,52.5,18.87732061,58.62046436,0.091820311,0.808861728,0.163171482,2584.15562,0,0.516679375,5.304592836,0.00976502,0.013355969,0.011562068,45.18501534,0.544460918,0.853911664,0.387253043,0.823776851,0.153035893,0.967262007,0.55497401,0.02423702,0.017235875,0.02378875,0.019398321,0.015800134,0.008872551,0,4.19E-08,4.19E-08,0.076033058,7
5800,68455.1492,68.8,26.43652275,98.69919583,0.051312375,0.837599243,0.143031566,1897.676544,0,0.643779587,9.88732598,0.00568729,0.012763794,0.009719981,44.89203651,0.552479469,0.899590809,0.313646379,0.882793945,0.298537786,0.953343635,0.604253682,0.025137519,0.016615041,0.024590071,0.016927377,0.022322184,0.00990307,0,1.90E-11,1.90E-11,0.076033058,7
5900,40757.70669,194.1,12.94393152,88.80798415,0.009830673,0.738077973,0.034059732,943.1720804,0,0.503259448,7.868785904,0.00287494,0.017212988,0.005391997,43.10882456,0.568034725,0.710130605,0.777816533,0.759543464,0.178331977,0.912064489,0.650075663,0.027825627,0.025375596,0.022769285,0.024180432,0.01912625,0.016657782,0,1.43E-08,1.43E-08,0.076033058,7
6000,49789.07193,3060.9,22.74356852,94.39798113,0,0.754054893,0.007535377,1118.607721,0,0.565343115,6.573890266,0,0.012541336,0.002058927,41.81815187,0.545188621,0.809824358,0.943525753,0.69833845,0.160541815,0.949718683,0.52552643,0.022247986,0.016804024,0.008707273,0.020778595,0.014499472,0.009246432,0,9.42E-07,9.42E-07,0.076033058,7
6100,55346.11019,99.5,16.22521955,70.59400832,0.016181464,0.773284073,0.051970568,2012.060498,0,0.819639127,6.909424629,0.004296664,0.016819002,0.008042705,44.47733139,0.546359873,0.861309959,0.560579498,0.840710981,0.176844412,0.956902849,0.677880632,0.031492404,0.018394973,0.03120558,0.021862902,0.022827717,0.013162019,0,1.54E-08,1.54E-08,0.076033058,7
6200,69639.29456,338.1,20.02463801,109.5819175,0.016289337,0.765588383,0.045823569,2191.14235,0,0.688286463,10.54984468,0.004082114,0.017404804,0.007004293,43.78330469,0.519565131,0.715296375,0.377632999,0.835844758,0.155621727,0.951616771,0.579871476,0.026535199,0.024430503,0.02621582,0.020827574,0.017575894,0.013051477,0,4.86E-06,4.86E-06,0.076033058,7
6301,46781.53404,5115.5,13.37780907,133.5139648,0,0.711164227,0.001724458,1634.256654,0,0.607934238,10.0225505,0,0.018770996,0.001219849,43.50944552,0.479873001,0.754529992,0.719197188,0.788502098,0.139063386,0.917201497,0.670278704,0.029584529,0.02484056,0.025106095,0.023857156,0.019259405,0.015593304,0,1.53E-06,1.53E-06,0.076033058,7
6302,72463.22991,2282.3,29.85705988,109.1007227,0,0.841161974,0.002207121,1927.181348,0,0.691868158,10.1676603,0,0.013085814,0.001009585,43.03326241,0.555197627,0.79906206,0.434059513,0.908723143,0.278340475,0.954601301,0.500673361,0.022548031,0.018697337,0.023014551,0.013831396,0.018847265,0.010191293,0,0.000281962,0.000281962,0.076033058,7
6400,60712.06139,348.8,21.80581586,84.12523428,0.010896011,0.785455688,0.033153673,2133.091365,0,0.796661671,8.056466168,0.002836925,0.017383044,0.006376932,43.80610631,0.571820291,0.805262603,0.499709977,0.836110525,0.170902763,0.961374183,0.701621023,0.03106265,0.024772856,0.031632221,0.023143095,0.02202139,0.010184532,0,1.79E-06,1.79E-06,0.076033058,7
6500,34643.536,243.4,10.33701157,63.2653453,0.003062661,0.764851621,0.01424366,1140.339651,0,0.403254108,6.000620688,0.001279838,0.019466348,0.00274888,43.93768429,0.51600674,0.628159225,0.838247683,0.720671862,0.163805813,0.941975569,0.712220701,0.033219417,0.031640874,0.023017857,0.028935197,0.023139052,0.015589355,0,7.43E-06,7.43E-06,0.076033058,7
6600,57725.53945,3169.7,24.14993526,102.6174845,0.00295421,0.789439612,0.002005945,1823.257279,0,0.74881543,11.57464613,0.00170537,0.018336553,0.001418453,42.52465004,0.527352575,0.63596056,0.795093216,0.817515782,0.286679476,0.946920592,0.657359669,0.029903276,0.029354728,0.024168142,0.023165369,0.026587477,0.012687609,0,2.06E-05,2.06E-05,0.076033058,7
6701,36921.81475,488.9,17.13410402,53.55132117,0.020672658,0.801304406,0.017285896,1458.667036,0,0.481676303,6.26612496,0.005942492,0.01500934,0.004816474,40.92519238,0.586634303,0.481175438,0.945256417,0.638408304,0.128285906,0.906548572,0.652482949,0.0313463,0.031854203,0.014665278,0.030603986,0.021782687,0.017429044,0,0.003494916,0.003494916,0.076033058,7
6702,49059.73607,1950.7,22.49473568,45.57662514,0.009461553,0.85489914,0.021681738,1355.955972,0,0.640156198,5.131799141,0.004418754,0.013630101,0.006088151,39.67069902,0.579489999,0.682062914,0.883428414,0.69807776,0.184800788,0.931037643,0.631365367,0.030528872,0.029302309,0.019191972,0.028530566,0.023088949,0.016357035,0,0.000242858,0.000242858,0.076033058,7
6703,45229.01307,2513.4,20.61166408,88.20609139,0.000512589,0.754599913,0.000512589,1588.683994,0,0.658050453,8.407427188,0.000512881,0.016458356,0.000512881,40.67422477,0.54904207,0.62642702,0.933952202,0.699348213,0.183014023,0.923879123,0.593670198,0.029002523,0.028716239,0.014567159,0.026921292,0.021086864,0.015434068,0,1.14E-05,1.14E-05,0.076033058,7
6704,36335.18288,1058.1,19.00677376,59.84615158,0.00287774,0.788308996,0.005674314,994.6871908,0,0.498487648,4.780247167,0.001309841,0.013992181,0.001816548,41.24462424,0.564203777,0.539560344,0.925807999,0.620665591,0.110808217,0.904632093,0.617570835,0.028333334,0.028728976,0.015357544,0.028166592,0.015726716,0.017419003,0,0.000155646,0.000155646,0.076033058,7
6800,41593.34359,3251.7,19.1816849,77.565704,0.001480654,0.767508365,0.002054044,1145.968353,0,0.515935014,5.947868632,0.001046749,0.014188094,0.001193309,41.46007102,0.515482665,0.87286202,0.904204766,0.719836681,0.215813762,0.932751197,0.531391636,0.023779314,0.012945125,0.013894113,0.021875665,0.019465768,0.01233699,0,5.14E-06,5.14E-06,0.076033058,7
6900,42261.79942,741.7,17.84040881,46.30999679,0.000431612,0.844990538,0.001128831,1020.77225,0,0.39252244,3.759082516,0.000305346,0.009478662,0.000580072,43.35693411,0.548049418,0.892644535,0.804879934,0.761306882,0.158458708,0.950102825,0.482900657,0.021976877,0.011059604,0.016635527,0.018732943,0.015231287,0.009405406,0,0.000106701,0.000106701,0.076033058,7
