,PUMA00,treated,PUMA10,PUMA10_Name,HHINCOME,DENSITY,PROPTX99,RENT,farm,ownership,acreage,se.HHINCOME,se.DENSITY,se.PROPTX99,se.RENT,se.farm,se.ownership,se.acreage,AGE,sex,race,hisp,hs,ba,employed,se.AGE,se.sex,se.race,se.hisp,se.hs,se.ba,se.employed,distance,weights,PUMA00_Pop00,PUMA10_Pop00,pPUMA00_Pop00
1,2103,0,1903,Collin County (Southwest)--Plano City (Central),152181.1493,4381.7,57.17659846,55.01206123,0,0.960358443,0.003439515,3960.593871,0,0.560831295,12.35741119,0,0.007890063,0.001537429,43.17257545,0.541631094,0.70444095,0.055328391,0.989590354,0.672642852,0.971302329,0.483293675,0.022505814,0.021742131,0.011201225,0.004017793,0.02210503,0.006715861,0.298275793,1,"112,401","100,858",19.39
2,2103,0,1901,"Collin County (Southwest)--Dallas (North), Plano (South) & Richardson (North) Cities",152181.1493,4381.7,57.17659846,55.01206123,0,0.960358443,0.003439515,3960.593871,0,0.560831295,12.35741119,0,0.007890063,0.001537429,43.17257545,0.541631094,0.70444095,0.055328391,0.989590354,0.672642852,0.971302329,0.483293675,0.022505814,0.021742131,0.011201225,0.004017793,0.02210503,0.006715861,0.298275793,1,"112,401","99,014",9.62
3,2103,0,1906,Collin County (Northwest)--Frisco City (East) & Prosper Town,152181.1493,4381.7,57.17659846,55.01206123,0,0.960358443,0.003439515,3960.593871,0,0.560831295,12.35741119,0,0.007890063,0.001537429,43.17257545,0.541631094,0.70444095,0.055328391,0.989590354,0.672642852,0.971302329,0.483293675,0.022505814,0.021742131,0.011201225,0.004017793,0.02210503,0.006715861,0.298275793,1,"112,401","38,164",0
4,2103,0,1902,Collin County (Southwest)--Plano City (West),152181.1493,4381.7,57.17659846,55.01206123,0,0.960358443,0.003439515,3960.593871,0,0.560831295,12.35741119,0,0.007890063,0.001537429,43.17257545,0.541631094,0.70444095,0.055328391,0.989590354,0.672642852,0.971302329,0.483293675,0.022505814,0.021742131,0.011201225,0.004017793,0.02210503,0.006715861,0.298275793,1,"112,401","79,793",70.99
5,2103,0,1904,"Collin County (South Central)--Allen, Murphy, Plano (East) & Parker Cities",152181.1493,4381.7,57.17659846,55.01206123,0,0.960358443,0.003439515,3960.593871,0,0.560831295,12.35741119,0,0.007890063,0.001537429,43.17257545,0.541631094,0.70444095,0.055328391,0.989590354,0.672642852,0.971302329,0.483293675,0.022505814,0.021742131,0.011201225,0.004017793,0.02210503,0.006715861,0.298275793,1,"112,401","57,184",0
6,2104,0,1903,Collin County (Southwest)--Plano City (Central),90493.58828,3922.1,38.84106346,142.0117409,0.002352418,0.862404764,0,2404.451609,0,0.77848651,17.42160613,0.001358417,0.014410633,0,42.92128793,0.564636796,0.786573329,0.22638223,0.834148931,0.42507838,0.945473848,0.599881827,0.025034916,0.020446291,0.024977582,0.023546872,0.024513408,0.011630806,0.486874715,1,"107,492","100,858",73.55
7,2104,0,1901,"Collin County (Southwest)--Dallas (North), Plano (South) & Richardson (North) Cities",90493.58828,3922.1,38.84106346,142.0117409,0.002352418,0.862404764,0,2404.451609,0,0.77848651,17.42160613,0.001358417,0.014410633,0,42.92128793,0.564636796,0.786573329,0.22638223,0.834148931,0.42507838,0.945473848,0.599881827,0.025034916,0.020446291,0.024977582,0.023546872,0.024513408,0.011630806,0.486874715,1,"107,492","99,014",20.59
8,2104,0,1904,"Collin County (South Central)--Allen, Murphy, Plano (East) & Parker Cities",90493.58828,3922.1,38.84106346,142.0117409,0.002352418,0.862404764,0,2404.451609,0,0.77848651,17.42160613,0.001358417,0.014410633,0,42.92128793,0.564636796,0.786573329,0.22638223,0.834148931,0.42507838,0.945473848,0.599881827,0.025034916,0.020446291,0.024977582,0.023546872,0.024513408,0.011630806,0.486874715,1,"107,492","57,184",5.86
9,2301,1,2313,Dallas City (Downtown)--North of I-30,56524.16702,2739.4,17.78453831,130.4758121,0,0.73938471,0,3073.642812,0,1.008360352,13.69010407,0,0.02418439,0,41.77187054,0.594177868,0.519961953,0.421541388,0.603113814,0.176090711,0.901904833,0.758827801,0.031182883,0.032186192,0.033201146,0.03291201,0.022825063,0.018260274,0.96394554,1,"102,559","102,234",4.15
10,2301,1,2311,Dallas City (North)--South of I-635 & West of US-75,56524.16702,2739.4,17.78453831,130.4758121,0,0.73938471,0,3073.642812,0,1.008360352,13.69010407,0,0.02418439,0,41.77187054,0.594177868,0.519961953,0.421541388,0.603113814,0.176090711,0.901904833,0.758827801,0.031182883,0.032186192,0.033201146,0.03291201,0.022825063,0.018260274,0.96394554,1,"102,559","113,462",4.44
11,2301,1,2321,Dallas County (Northwest)--Irving (Central) & Dallas (Northwest) Cities,56524.16702,2739.4,17.78453831,130.4758121,0,0.73938471,0,3073.642812,0,1.008360352,13.69010407,0,0.02418439,0,41.77187054,0.594177868,0.519961953,0.421541388,0.603113814,0.176090711,0.901904833,0.758827801,0.031182883,0.032186192,0.033201146,0.03291201,0.022825063,0.018260274,0.96394554,1,"102,559","95,272",1.36
12,2301,1,2315,Dallas City (West Central)--East of Loop TX-12 & West of I-35E,56524.16702,2739.4,17.78453831,130.4758121,0,0.73938471,0,3073.642812,0,1.008360352,13.69010407,0,0.02418439,0,41.77187054,0.594177868,0.519961953,0.421541388,0.603113814,0.176090711,0.901904833,0.758827801,0.031182883,0.032186192,0.033201146,0.03291201,0.022825063,0.018260274,0.96394554,1,"102,559","113,211",41.85
13,2301,1,2314,Dallas City (East Central)--South of I-30 & East of I-35E,56524.16702,2739.4,17.78453831,130.4758121,0,0.73938471,0,3073.642812,0,1.008360352,13.69010407,0,0.02418439,0,41.77187054,0.594177868,0.519961953,0.421541388,0.603113814,0.176090711,0.901904833,0.758827801,0.031182883,0.032186192,0.033201146,0.03291201,0.022825063,0.018260274,0.96394554,1,"102,559","123,032",38.83
14,2301,1,2312,"Dallas (West Central), University Park Cities & Highland Park Town",56524.16702,2739.4,17.78453831,130.4758121,0,0.73938471,0,3073.642812,0,1.008360352,13.69010407,0,0.02418439,0,41.77187054,0.594177868,0.519961953,0.421541388,0.603113814,0.176090711,0.901904833,0.758827801,0.031182883,0.032186192,0.033201146,0.03291201,0.022825063,0.018260274,0.96394554,1,"102,559","111,933",9.37
15,2302,1,2314,Dallas City (East Central)--South of I-30 & East of I-35E,99632.76019,7661.7,31.30961115,233.4407295,0,0.68594487,0,5792.814257,0,1.426065553,22.57471728,0,0.025521536,0,39.77201641,0.65439874,0.660757271,0.373336563,0.735242911,0.406930798,0.927421919,0.491579248,0.022546817,0.02449211,0.025975367,0.024963429,0.023665695,0.013802879,0.19009194,1,"135,393","123,032",8.66
16,2302,1,2313,Dallas City (Downtown)--North of I-30,99632.76019,7661.7,31.30961115,233.4407295,0,0.68594487,0,5792.814257,0,1.426065553,22.57471728,0,0.025521536,0,39.77201641,0.65439874,0.660757271,0.373336563,0.735242911,0.406930798,0.927421919,0.491579248,0.022546817,0.02449211,0.025975367,0.024963429,0.023665695,0.013802879,0.19009194,1,"135,393","102,234",59.71
17,2302,1,2306,Dallas (Northeast) & Mesquite (North) Cities--North of I-30 & West of I-635,99632.76019,7661.7,31.30961115,233.4407295,0,0.68594487,0,5792.814257,0,1.426065553,22.57471728,0,0.025521536,0,39.77201641,0.65439874,0.660757271,0.373336563,0.735242911,0.406930798,0.927421919,0.491579248,0.022546817,0.02449211,0.025975367,0.024963429,0.023665695,0.013802879,0.19009194,1,"135,393","121,300",5.69
18,2302,1,2312,"Dallas (West Central), University Park Cities & Highland Park Town",99632.76019,7661.7,31.30961115,233.4407295,0,0.68594487,0,5792.814257,0,1.426065553,22.57471728,0,0.025521536,0,39.77201641,0.65439874,0.660757271,0.373336563,0.735242911,0.406930798,0.927421919,0.491579248,0.022546817,0.02449211,0.025975367,0.024963429,0.023665695,0.013802879,0.19009194,1,"135,393","111,933",25.94
19,2303,1,2304,Dallas County (Southeast)--Dallas City (Southeast),45073.44895,3705.5,19.19854693,125.0320275,0,0.788358077,0.020604894,1589.553672,0,0.610954505,9.937564822,0,0.015580254,0.005807293,40.97226933,0.605353802,0.498522546,0.632437536,0.521619779,0.064151207,0.920077632,0.588005711,0.02760575,0.02926169,0.027008997,0.029408321,0.01268748,0.014235255,0.608212514,1,"138,726","85,689",25.2
20,2303,1,2305,Dallas (East) & Mesquite (West) Cities--South of I-30 & West of I-635,45073.44895,3705.5,19.19854693,125.0320275,0,0.788358077,0.020604894,1589.553672,0,0.610954505,9.937564822,0,0.015580254,0.005807293,40.97226933,0.605353802,0.498522546,0.632437536,0.521619779,0.064151207,0.920077632,0.588005711,0.02760575,0.02926169,0.027008997,0.029408321,0.01268748,0.014235255,0.608212514,1,"138,726","112,349",53.88
21,2303,1,2314,Dallas City (East Central)--South of I-30 & East of I-35E,45073.44895,3705.5,19.19854693,125.0320275,0,0.788358077,0.020604894,1589.553672,0,0.610954505,9.937564822,0,0.015580254,0.005807293,40.97226933,0.605353802,0.498522546,0.632437536,0.521619779,0.064151207,0.920077632,0.588005711,0.02760575,0.02926169,0.027008997,0.029408321,0.01268748,0.014235255,0.608212514,1,"138,726","123,032",20.92
22,2304,1,2307,Dallas City (Northeast)--East of US-75,138086.3428,6073.9,43.6184166,79.80306621,0,0.896300237,0,4797.834805,0,0.795275371,10.07764555,0,0.010926631,0,42.94996266,0.580358476,0.711874533,0.260853871,0.83871048,0.431839681,0.958551158,0.473889732,0.021721926,0.020997639,0.021157129,0.019121187,0.021544577,0.007841012,0.507761395,1,"185,969","134,309",12.99
23,2304,1,2305,Dallas (East) & Mesquite (West) Cities--South of I-30 & West of I-635,138086.3428,6073.9,43.6184166,79.80306621,0,0.896300237,0,4797.834805,0,0.795275371,10.07764555,0,0.010926631,0,42.94996266,0.580358476,0.711874533,0.260853871,0.83871048,0.431839681,0.958551158,0.473889732,0.021721926,0.020997639,0.021157129,0.019121187,0.021544577,0.007841012,0.507761395,1,"185,969","112,349",0
24,2304,1,2313,Dallas City (Downtown)--North of I-30,138086.3428,6073.9,43.6184166,79.80306621,0,0.896300237,0,4797.834805,0,0.795275371,10.07764555,0,0.010926631,0,42.94996266,0.580358476,0.711874533,0.260853871,0.83871048,0.431839681,0.958551158,0.473889732,0.021721926,0.020997639,0.021157129,0.019121187,0.021544577,0.007841012,0.507761395,1,"185,969","102,234",9.22
25,2304,1,2311,Dallas City (North)--South of I-635 & West of US-75,138086.3428,6073.9,43.6184166,79.80306621,0,0.896300237,0,4797.834805,0,0.795275371,10.07764555,0,0.010926631,0,42.94996266,0.580358476,0.711874533,0.260853871,0.83871048,0.431839681,0.958551158,0.473889732,0.021721926,0.020997639,0.021157129,0.019121187,0.021544577,0.007841012,0.507761395,1,"185,969","113,462",0
26,2304,1,2306,Dallas (Northeast) & Mesquite (North) Cities--North of I-30 & West of I-635,138086.3428,6073.9,43.6184166,79.80306621,0,0.896300237,0,4797.834805,0,0.795275371,10.07764555,0,0.010926631,0,42.94996266,0.580358476,0.711874533,0.260853871,0.83871048,0.431839681,0.958551158,0.473889732,0.021721926,0.020997639,0.021157129,0.019121187,0.021544577,0.007841012,0.507761395,1,"185,969","121,300",53.35
27,2304,1,2312,"Dallas (West Central), University Park Cities & Highland Park Town",138086.3428,6073.9,43.6184166,79.80306621,0,0.896300237,0,4797.834805,0,0.795275371,10.07764555,0,0.010926631,0,42.94996266,0.580358476,0.711874533,0.260853871,0.83871048,0.431839681,0.958551158,0.473889732,0.021721926,0.020997639,0.021157129,0.019121187,0.021544577,0.007841012,0.507761395,1,"185,969","111,933",18.57
28,2305,1,2310,"Dallas (Far North), Carrollton (Southeast) Cities & Addison Town--North of I-635",111935.465,4827.2,43.21124171,88.07779161,0,0.91222026,0,3334.870321,0,0.893263426,15.9517518,0,0.013545659,0,44.37476251,0.528427619,0.747171416,0.230526017,0.882191975,0.489437119,0.959208847,0.619750664,0.02430266,0.02251889,0.024350438,0.019727463,0.024339427,0.009814498,0.278804932,1,"132,772","98,859",31.19
29,2305,1,2309,Dallas (Far North) & Richardson (Southwest) Cities,111935.465,4827.2,43.21124171,88.07779161,0,0.91222026,0,3334.870321,0,0.893263426,15.9517518,0,0.013545659,0,44.37476251,0.528427619,0.747171416,0.230526017,0.882191975,0.489437119,0.959208847,0.619750664,0.02430266,0.02251889,0.024350438,0.019727463,0.024339427,0.009814498,0.278804932,1,"132,772","111,293",60.14
30,2305,1,2311,Dallas City (North)--South of I-635 & West of US-75,111935.465,4827.2,43.21124171,88.07779161,0,0.91222026,0,3334.870321,0,0.893263426,15.9517518,0,0.013545659,0,44.37476251,0.528427619,0.747171416,0.230526017,0.882191975,0.489437119,0.959208847,0.619750664,0.02430266,0.02251889,0.024350438,0.019727463,0.024339427,0.009814498,0.278804932,1,"132,772","113,462",0
31,2306,1,2312,"Dallas (West Central), University Park Cities & Highland Park Town",144370.0314,5704.8,46.5513652,71.50633134,0,0.905931235,0,4972.208255,0,0.896930856,11.31759039,0,0.012511271,0,43.53263071,0.604611112,0.585436552,0.368682765,0.800856245,0.424084024,0.964149273,0.565281123,0.021455577,0.023235271,0.023588651,0.019985668,0.021356458,0.008616777,0.489338852,1,"195,592","111,933",15.39
32,2306,1,2307,Dallas City (Northeast)--East of US-75,144370.0314,5704.8,46.5513652,71.50633134,0,0.905931235,0,4972.208255,0,0.896930856,11.31759039,0,0.012511271,0,43.53263071,0.604611112,0.585436552,0.368682765,0.800856245,0.424084024,0.964149273,0.565281123,0.021455577,0.023235271,0.023588651,0.019985668,0.021356458,0.008616777,0.489338852,1,"195,592","134,309",42.89
33,2306,1,2309,Dallas (Far North) & Richardson (Southwest) Cities,144370.0314,5704.8,46.5513652,71.50633134,0,0.905931235,0,4972.208255,0,0.896930856,11.31759039,0,0.012511271,0,43.53263071,0.604611112,0.585436552,0.368682765,0.800856245,0.424084024,0.964149273,0.565281123,0.021455577,0.023235271,0.023588651,0.019985668,0.021356458,0.008616777,0.489338852,1,"195,592","111,293",2.35
34,2306,1,2311,Dallas City (North)--South of I-635 & West of US-75,144370.0314,5704.8,46.5513652,71.50633134,0,0.905931235,0,4972.208255,0,0.896930856,11.31759039,0,0.012511271,0,43.53263071,0.604611112,0.585436552,0.368682765,0.800856245,0.424084024,0.964149273,0.565281123,0.021455577,0.023235271,0.023588651,0.019985668,0.021356458,0.008616777,0.489338852,1,"195,592","113,462",39.38
35,2307,1,2315,Dallas City (West Central)--East of Loop TX-12 & West of I-35E,50352.98171,6409.9,17.11514559,142.5726114,0.002360448,0.747358327,0,1432.407343,0,0.517357124,9.797186983,0.001181015,0.016074841,0,42.90547603,0.627667266,0.601536841,0.646175456,0.532337692,0.090640557,0.93396129,0.64504827,0.026972437,0.027332679,0.026114519,0.029153217,0.014308058,0.012510382,0.808567752,1,"140,986","113,211",37.38
36,2307,1,2304,Dallas County (Southeast)--Dallas City (Southeast),50352.98171,6409.9,17.11514559,142.5726114,0.002360448,0.747358327,0,1432.407343,0,0.517357124,9.797186983,0.001181015,0.016074841,0,42.90547603,0.627667266,0.601536841,0.646175456,0.532337692,0.090640557,0.93396129,0.64504827,0.026972437,0.027332679,0.026114519,0.029153217,0.014308058,0.012510382,0.808567752,1,"140,986","85,689",4.18
37,2307,1,2314,Dallas City (East Central)--South of I-30 & East of I-35E,50352.98171,6409.9,17.11514559,142.5726114,0.002360448,0.747358327,0,1432.407343,0,0.517357124,9.797186983,0.001181015,0.016074841,0,42.90547603,0.627667266,0.601536841,0.646175456,0.532337692,0.090640557,0.93396129,0.64504827,0.026972437,0.027332679,0.026114519,0.029153217,0.014308058,0.012510382,0.808567752,1,"140,986","123,032",30.11
38,2307,1,2316,Dallas City (South Central)--North of I-20 & West of I-35E,50352.98171,6409.9,17.11514559,142.5726114,0.002360448,0.747358327,0,1432.407343,0,0.517357124,9.797186983,0.001181015,0.016074841,0,42.90547603,0.627667266,0.601536841,0.646175456,0.532337692,0.090640557,0.93396129,0.64504827,0.026972437,0.027332679,0.026114519,0.029153217,0.014308058,0.012510382,0.808567752,1,"140,986","95,485",28.33
39,2308,1,2316,Dallas City (South Central)--North of I-20 & West of I-35E,55357.38193,2729.6,25.71260545,142.3156944,0.003743441,0.808120155,0.003485273,1438.558635,0,0.623258219,11.28061813,0.001422691,0.014193467,0.001351432,41.98805647,0.519867828,0.33588465,0.349774707,0.811006308,0.204157405,0.912694503,0.48101768,0.02220519,0.020940592,0.022294159,0.018213169,0.017683745,0.011732554,0.060546249,1,"163,249","95,485",34.02
40,2308,1,2304,Dallas County (Southeast)--Dallas City (Southeast),55357.38193,2729.6,25.71260545,142.3156944,0.003743441,0.808120155,0.003485273,1438.558635,0,0.623258219,11.28061813,0.001422691,0.014193467,0.001351432,41.98805647,0.519867828,0.33588465,0.349774707,0.811006308,0.204157405,0.912694503,0.48101768,0.02220519,0.020940592,0.022294159,0.018213169,0.017683745,0.011732554,0.060546249,1,"163,249","85,689",13.45
41,2308,1,2315,Dallas City (West Central)--East of Loop TX-12 & West of I-35E,55357.38193,2729.6,25.71260545,142.3156944,0.003743441,0.808120155,0.003485273,1438.558635,0,0.623258219,11.28061813,0.001422691,0.014193467,0.001351432,41.98805647,0.519867828,0.33588465,0.349774707,0.811006308,0.204157405,0.912694503,0.48101768,0.02220519,0.020940592,0.022294159,0.018213169,0.017683745,0.011732554,0.060546249,1,"163,249","113,211",10.78
42,2308,1,2319,Dallas County (West)--Grand Prairie (Central) & Dallas (Southwest) Cities,55357.38193,2729.6,25.71260545,142.3156944,0.003743441,0.808120155,0.003485273,1438.558635,0,0.623258219,11.28061813,0.001422691,0.014193467,0.001351432,41.98805647,0.519867828,0.33588465,0.349774707,0.811006308,0.204157405,0.912694503,0.48101768,0.02220519,0.020940592,0.022294159,0.018213169,0.017683745,0.011732554,0.060546249,1,"163,249","82,104",11.72
43,2310,0,2302,Dallas County (Northeast)--Garland City (South),73708.04496,4885.3,34.22058993,117.0199875,0.006647125,0.840780576,0.001073234,2708.650584,0,0.891430773,12.81615709,0.002710588,0.016967363,0.001073511,44.00322382,0.549063643,0.602129895,0.332777919,0.702140761,0.193320535,0.963849748,0.639028012,0.027143008,0.027598966,0.027453995,0.02732362,0.020291077,0.008631579,0.373189874,1,"105,698","96,792",22.74
44,2310,0,2308,Dallas County (Northeast)--Garland (Northwest) & Richardson (East) Cities,73708.04496,4885.3,34.22058993,117.0199875,0.006647125,0.840780576,0.001073234,2708.650584,0,0.891430773,12.81615709,0.002710588,0.016967363,0.001073511,44.00322382,0.549063643,0.602129895,0.332777919,0.702140761,0.193320535,0.963849748,0.639028012,0.027143008,0.027598966,0.027453995,0.02732362,0.020291077,0.008631579,0.373189874,1,"105,698","100,846",77.26
45,2311,1,2321,Dallas County (Northwest)--Irving (Central) & Dallas (Northwest) Cities,89040.99687,4868.8,34.04562904,119.5648863,0,0.831013979,0,2846.0315,0,0.839617806,11.18211051,0,0.014082818,0,40.60414843,0.581789345,0.686838934,0.386314716,0.768767315,0.323120179,0.952748283,0.436579592,0.020936147,0.019557914,0.021841079,0.01930461,0.018884788,0.008685165,0.455245599,1,"191,615","95,272",49
46,2311,1,2312,"Dallas (West Central), University Park Cities & Highland Park Town",89040.99687,4868.8,34.04562904,119.5648863,0,0.831013979,0,2846.0315,0,0.839617806,11.18211051,0,0.014082818,0,40.60414843,0.581789345,0.686838934,0.386314716,0.768767315,0.323120179,0.952748283,0.436579592,0.020936147,0.019557914,0.021841079,0.01930461,0.018884788,0.008685165,0.455245599,1,"191,615","111,933",1.33
47,2313,1,2319,Dallas County (West)--Grand Prairie (Central) & Dallas (Southwest) Cities,65754.41129,3004,32.28882845,104.1878574,0.004591473,0.847643768,0,1408.120883,0,0.776127664,13.35812538,0.001874555,0.014527598,0,43.81555135,0.54208097,0.719229753,0.392281258,0.786189227,0.203542162,0.958966225,0.546026959,0.026530005,0.023997483,0.026860332,0.023104405,0.020079685,0.010076529,0.015866122,1,"105,722","82,104",59.56
48,2315,1,2321,Dallas County (Northwest)--Irving (Central) & Dallas (Northwest) Cities,107553.6439,5083.3,43.92040206,67.52278707,0,0.921200323,0,2734.114895,0,0.655278023,9.306011018,0,0.009579964,0,42.50213289,0.577501474,0.645213289,0.325368587,0.789944958,0.357528995,0.947808138,0.452558912,0.019397941,0.019890008,0.020577977,0.018541909,0.017968832,0.008135484,0.669169765,1,"210,580","95,272",0
49,2315,1,2311,Dallas City (North)--South of I-635 & West of US-75,107553.6439,5083.3,43.92040206,67.52278707,0,0.921200323,0,2734.114895,0,0.655278023,9.306011018,0,0.009579964,0,42.50213289,0.577501474,0.645213289,0.325368587,0.789944958,0.357528995,0.947808138,0.452558912,0.019397941,0.019890008,0.020577977,0.018541909,0.017968832,0.008135484,0.669169765,1,"210,580","113,462",15.14
50,2315,1,2309,Dallas (Far North) & Richardson (Southwest) Cities,107553.6439,5083.3,43.92040206,67.52278707,0,0.921200323,0,2734.114895,0,0.655278023,9.306011018,0,0.009579964,0,42.50213289,0.577501474,0.645213289,0.325368587,0.789944958,0.357528995,0.947808138,0.452558912,0.019397941,0.019890008,0.020577977,0.018541909,0.017968832,0.008135484,0.669169765,1,"210,580","111,293",12.75
51,2315,1,2307,Dallas City (Northeast)--East of US-75,107553.6439,5083.3,43.92040206,67.52278707,0,0.921200323,0,2734.114895,0,0.655278023,9.306011018,0,0.009579964,0,42.50213289,0.577501474,0.645213289,0.325368587,0.789944958,0.357528995,0.947808138,0.452558912,0.019397941,0.019890008,0.020577977,0.018541909,0.017968832,0.008135484,0.669169765,1,"210,580","134,309",12.47
52,2315,1,2310,"Dallas (Far North), Carrollton (Southeast) Cities & Addison Town--North of I-635",107553.6439,5083.3,43.92040206,67.52278707,0,0.921200323,0,2734.114895,0,0.655278023,9.306011018,0,0.009579964,0,42.50213289,0.577501474,0.645213289,0.325368587,0.789944958,0.357528995,0.947808138,0.452558912,0.019397941,0.019890008,0.020577977,0.018541909,0.017968832,0.008135484,0.669169765,1,"210,580","98,859",27.28
53,4605,0,4601,Houston City (North Central)--North of I-10 & Inside Loop I-610,111240.0651,5298.7,35.88050881,125.2496404,0,0.849869158,0,6687.390303,0,1.149355787,16.23959385,0,0.017561438,0,42.79482005,0.604404553,0.766123179,0.506169561,0.690937738,0.245879583,0.956326234,0.688279606,0.028618715,0.025252084,0.02982654,0.030140768,0.021756518,0.009554429,0.478711408,1,"121,881","120,055",0
54,4605,0,4636,Houston City (West)--East of TX-6 & West of Beltway TX-8,111240.0651,5298.7,35.88050881,125.2496404,0,0.849869158,0,6687.390303,0,1.149355787,16.23959385,0,0.017561438,0,42.79482005,0.604404553,0.766123179,0.506169561,0.690937738,0.245879583,0.956326234,0.688279606,0.028618715,0.025252084,0.02982654,0.030140768,0.021756518,0.009554429,0.478711408,1,"121,881","96,456",1.49
55,4605,0,4612,Houston (West) & Spring Valley Village Cities--Between Loop I-610 & Beltway TX-8,111240.0651,5298.7,35.88050881,125.2496404,0,0.849869158,0,6687.390303,0,1.149355787,16.23959385,0,0.017561438,0,42.79482005,0.604404553,0.766123179,0.506169561,0.690937738,0.245879583,0.956326234,0.688279606,0.028618715,0.025252084,0.02982654,0.030140768,0.021756518,0.009554429,0.478711408,1,"121,881","104,718",68.78
56,4605,0,4613,Houston (West) & Hunters Creek Village Cities--Between Loop I-610 & Beltway TX-8,111240.0651,5298.7,35.88050881,125.2496404,0,0.849869158,0,6687.390303,0,1.149355787,16.23959385,0,0.017561438,0,42.79482005,0.604404553,0.766123179,0.506169561,0.690937738,0.245879583,0.956326234,0.688279606,0.028618715,0.025252084,0.02982654,0.030140768,0.021756518,0.009554429,0.478711408,1,"121,881","93,705",8.72
57,4605,0,4611,Houston City (Northwest)--Between Loop I-610 & Beltway TX-8,111240.0651,5298.7,35.88050881,125.2496404,0,0.849869158,0,6687.390303,0,1.149355787,16.23959385,0,0.017561438,0,42.79482005,0.604404553,0.766123179,0.506169561,0.690937738,0.245879583,0.956326234,0.688279606,0.028618715,0.025252084,0.02982654,0.030140768,0.021756518,0.009554429,0.478711408,1,"121,881","95,265",21
58,4611,0,4602,Houston City (East Central)--East of I-45 & Inside Loop I-610,51657.69405,4546.6,20.49250355,118.9082536,0,0.773086645,0,1272.833573,0,0.638973781,10.59813094,0,0.016588305,0,41.45719352,0.593465046,0.462980282,0.680753644,0.608156028,0.080137947,0.907099992,0.642459497,0.027753554,0.028641717,0.026463834,0.028034829,0.013563244,0.01653671,0.312354223,1,"133,154","125,296",11.91
59,4611,0,4619,Houston (Southeast) & South Houston Cities--Inside Beltway TX-8,51657.69405,4546.6,20.49250355,118.9082536,0,0.773086645,0,1272.833573,0,0.638973781,10.59813094,0,0.016588305,0,41.45719352,0.593465046,0.462980282,0.680753644,0.608156028,0.080137947,0.907099992,0.642459497,0.027753554,0.028641717,0.026463834,0.028034829,0.013563244,0.01653671,0.312354223,1,"133,154","77,520",0
60,4611,0,4607,Houston City (Northeast)--Between Loop I-610 & Beltway TX-8,51657.69405,4546.6,20.49250355,118.9082536,0,0.773086645,0,1272.833573,0,0.638973781,10.59813094,0,0.016588305,0,41.45719352,0.593465046,0.462980282,0.680753644,0.608156028,0.080137947,0.907099992,0.642459497,0.027753554,0.028641717,0.026463834,0.028034829,0.013563244,0.01653671,0.312354223,1,"133,154","94,145",3.68
61,4611,0,4606,"Houston (East), Galena Park, Jacinto Cities & Cloverleaf",51657.69405,4546.6,20.49250355,118.9082536,0,0.773086645,0,1272.833573,0,0.638973781,10.59813094,0,0.016588305,0,41.45719352,0.593465046,0.462980282,0.680753644,0.608156028,0.080137947,0.907099992,0.642459497,0.027753554,0.028641717,0.026463834,0.028034829,0.013563244,0.01653671,0.312354223,1,"133,154","103,711",31.46
62,4611,0,4605,Harris County (Southeast)--Pasadena City (North & Central)--Inside Beltway TX-8,51657.69405,4546.6,20.49250355,118.9082536,0,0.773086645,0,1272.833573,0,0.638973781,10.59813094,0,0.016588305,0,41.45719352,0.593465046,0.462980282,0.680753644,0.608156028,0.080137947,0.907099992,0.642459497,0.027753554,0.028641717,0.026463834,0.028034829,0.013563244,0.01653671,0.312354223,1,"133,154","112,689",0
63,4611,0,4618,Houston City (Southeast)--West of Pasadena City & Outside Loop I-610,51657.69405,4546.6,20.49250355,118.9082536,0,0.773086645,0,1272.833573,0,0.638973781,10.59813094,0,0.016588305,0,41.45719352,0.593465046,0.462980282,0.680753644,0.608156028,0.080137947,0.907099992,0.642459497,0.027753554,0.028641717,0.026463834,0.028034829,0.013563244,0.01653671,0.312354223,1,"133,154","105,566",52.95
64,4612,0,4612,Houston (West) & Spring Valley Village Cities--Between Loop I-610 & Beltway TX-8,102516.5454,5014.4,40.4226386,108.0691082,0,0.907369104,0.003055251,3616.990771,0,0.998660523,15.95091125,0,0.012649571,0.002158844,43.59985559,0.508464682,0.601745169,0.274602882,0.857098965,0.419270593,0.951439457,0.571762889,0.025376298,0.025250779,0.024360497,0.020514299,0.024492566,0.011629138,0.332133751,1,"118,845","104,718",13.93
65,4612,0,4637,"Houston City (West)--Westpark Tollway, West of Beltway TX-8",102516.5454,5014.4,40.4226386,108.0691082,0,0.907369104,0.003055251,3616.990771,0,0.998660523,15.95091125,0,0.012649571,0.002158844,43.59985559,0.508464682,0.601745169,0.274602882,0.857098965,0.419270593,0.951439457,0.571762889,0.025376298,0.025250779,0.024360497,0.020514299,0.024492566,0.011629138,0.332133751,1,"118,845","97,995",32.4
66,4612,0,4635,Houston City (West)--South of I-10 & West of TX-6,102516.5454,5014.4,40.4226386,108.0691082,0,0.907369104,0.003055251,3616.990771,0,0.998660523,15.95091125,0,0.012649571,0.002158844,43.59985559,0.508464682,0.601745169,0.274602882,0.857098965,0.419270593,0.951439457,0.571762889,0.025376298,0.025250779,0.024360497,0.020514299,0.024492566,0.011629138,0.332133751,1,"118,845","82,962",1.25
67,4612,0,4634,Harris County (West)--Houston City (West)--North of US-90 & West of TX-6,102516.5454,5014.4,40.4226386,108.0691082,0,0.907369104,0.003055251,3616.990771,0,0.998660523,15.95091125,0,0.012649571,0.002158844,43.59985559,0.508464682,0.601745169,0.274602882,0.857098965,0.419270593,0.951439457,0.571762889,0.025376298,0.025250779,0.024360497,0.020514299,0.024492566,0.011629138,0.332133751,1,"118,845","48,911",2.73
68,4612,0,4632,Harris County (Far Northwest)--Katy City (Northeast),102516.5454,5014.4,40.4226386,108.0691082,0,0.907369104,0.003055251,3616.990771,0,0.998660523,15.95091125,0,0.012649571,0.002158844,43.59985559,0.508464682,0.601745169,0.274602882,0.857098965,0.419270593,0.951439457,0.571762889,0.025376298,0.025250779,0.024360497,0.020514299,0.024492566,0.011629138,0.332133751,1,"118,845","42,116",0
69,4612,0,4636,Houston City (West)--East of TX-6 & West of Beltway TX-8,102516.5454,5014.4,40.4226386,108.0691082,0,0.907369104,0.003055251,3616.990771,0,0.998660523,15.95091125,0,0.012649571,0.002158844,43.59985559,0.508464682,0.601745169,0.274602882,0.857098965,0.419270593,0.951439457,0.571762889,0.025376298,0.025250779,0.024360497,0.020514299,0.024492566,0.011629138,0.332133751,1,"118,845","96,456",32.65
70,4612,0,4638,Houston City (Southwest)--East of TX-6 & West of Beltway TX-8,102516.5454,5014.4,40.4226386,108.0691082,0,0.907369104,0.003055251,3616.990771,0,0.998660523,15.95091125,0,0.012649571,0.002158844,43.59985559,0.508464682,0.601745169,0.274602882,0.857098965,0.419270593,0.951439457,0.571762889,0.025376298,0.025250779,0.024360497,0.020514299,0.024492566,0.011629138,0.332133751,1,"118,845","89,110",17.05
71,4613,0,4615,Houston (Southwest) & Bellaire (Southeast) Cities--Between Loop I-610 & Beltway TX-8,96438.38142,9262.5,32.25622227,109.6136056,0,0.791038671,0,7220.818641,0,1.545879786,16.26404215,0,0.027092907,0,41.07043161,0.636004409,0.593521581,0.436224879,0.688679725,0.266700585,0.929008734,0.647575312,0.026487154,0.028078376,0.028606625,0.027459279,0.022398295,0.016242673,0.423270677,1,"132,397","104,161",45.92
72,4613,0,4614,"Houston City (West)--Westpark Tollway, Between Loop I-610 & Beltway TX-8",96438.38142,9262.5,32.25622227,109.6136056,0,0.791038671,0,7220.818641,0,1.545879786,16.26404215,0,0.027092907,0,41.07043161,0.636004409,0.593521581,0.436224879,0.688679725,0.266700585,0.929008734,0.647575312,0.026487154,0.028078376,0.028606625,0.027459279,0.022398295,0.016242673,0.423270677,1,"132,397","105,159",39.37
73,4613,0,4613,Houston (West) & Hunters Creek Village Cities--Between Loop I-610 & Beltway TX-8,96438.38142,9262.5,32.25622227,109.6136056,0,0.791038671,0,7220.818641,0,1.545879786,16.26404215,0,0.027092907,0,41.07043161,0.636004409,0.593521581,0.436224879,0.688679725,0.266700585,0.929008734,0.647575312,0.026487154,0.028078376,0.028606625,0.027459279,0.022398295,0.016242673,0.423270677,1,"132,397","93,705",14.71
74,4614,0,4622,"Harris County (East)--Deer Park, La Porte (North) Cities & Channelview",76556.86668,2230.3,29.4399185,78.3385981,0.00559118,0.872224153,0.001453075,1598.341872,0,0.675214824,9.146562577,0.002277755,0.011875926,0.001027405,43.53823234,0.594957742,0.759805186,0.234622547,0.865792866,0.190975505,0.944334623,0.490031044,0.023311435,0.021385222,0.021092168,0.017482862,0.017310966,0.011476999,0.01451514,1,"146,951","85,504",33.35
75,4614,0,4623,Harris County (East)--Baytown City,76556.86668,2230.3,29.4399185,78.3385981,0.00559118,0.872224153,0.001453075,1598.341872,0,0.675214824,9.146562577,0.002277755,0.011875926,0.001027405,43.53823234,0.594957742,0.759805186,0.234622547,0.865792866,0.190975505,0.944334623,0.490031044,0.023311435,0.021385222,0.021092168,0.017482862,0.017310966,0.011476999,0.01451514,1,"146,951","91,446",46.62
76,4614,0,4621,"Houston (Southeast), Pasadena (Southeast), La Porte (South) & Seabrook (East) Cities",76556.86668,2230.3,29.4399185,78.3385981,0.00559118,0.872224153,0.001453075,1598.341872,0,0.675214824,9.146562577,0.002277755,0.011875926,0.001027405,43.53823234,0.594957742,0.759805186,0.234622547,0.865792866,0.190975505,0.944334623,0.490031044,0.023311435,0.021385222,0.021092168,0.017482862,0.017310966,0.011476999,0.01451514,1,"146,951","98,196",20.03
77,4620,0,4604,Houston City (West Central)--South of I-10 & Inside Loop I-610,123333.4217,3783.4,41.15894971,83.80845857,0,0.897861549,0,3691.172218,0,0.839892977,9.617529437,0,0.010958146,0,45.30772497,0.529725638,0.718880396,0.217994166,0.911229275,0.471289834,0.97020051,0.603199401,0.025811473,0.024084906,0.021659414,0.015111699,0.025766551,0.007616331,0.059840109,1,"108,898","105,009",21.23
78,4620,0,4605,Harris County (Southeast)--Pasadena City (North & Central)--Inside Beltway TX-8,123333.4217,3783.4,41.15894971,83.80845857,0,0.897861549,0,3691.172218,0,0.839892977,9.617529437,0,0.010958146,0,45.30772497,0.529725638,0.718880396,0.217994166,0.911229275,0.471289834,0.97020051,0.603199401,0.025811473,0.024084906,0.021659414,0.015111699,0.025766551,0.007616331,0.059840109,1,"108,898","112,689",0.02
79,4620,0,4620,Houston (Southeast) & Webster Cities,123333.4217,3783.4,41.15894971,83.80845857,0,0.897861549,0,3691.172218,0,0.839892977,9.617529437,0,0.010958146,0,45.30772497,0.529725638,0.718880396,0.217994166,0.911229275,0.471289834,0.97020051,0.603199401,0.025811473,0.024084906,0.021659414,0.015111699,0.025766551,0.007616331,0.059840109,1,"108,898","80,273",42.43
80,4620,0,4615,Houston (Southwest) & Bellaire (Southeast) Cities--Between Loop I-610 & Beltway TX-8,123333.4217,3783.4,41.15894971,83.80845857,0,0.897861549,0,3691.172218,0,0.839892977,9.617529437,0,0.010958146,0,45.30772497,0.529725638,0.718880396,0.217994166,0.911229275,0.471289834,0.97020051,0.603199401,0.025811473,0.024084906,0.021659414,0.015111699,0.025766551,0.007616331,0.059840109,1,"108,898","104,161",5.48
81,4620,0,4614,"Houston City (West)--Westpark Tollway, Between Loop I-610 & Beltway TX-8",123333.4217,3783.4,41.15894971,83.80845857,0,0.897861549,0,3691.172218,0,0.839892977,9.617529437,0,0.010958146,0,45.30772497,0.529725638,0.718880396,0.217994166,0.911229275,0.471289834,0.97020051,0.603199401,0.025811473,0.024084906,0.021659414,0.015111699,0.025766551,0.007616331,0.059840109,1,"108,898","105,159",2.13
82,4620,0,4638,Houston City (Southwest)--East of TX-6 & West of Beltway TX-8,123333.4217,3783.4,41.15894971,83.80845857,0,0.897861549,0,3691.172218,0,0.839892977,9.617529437,0,0.010958146,0,45.30772497,0.529725638,0.718880396,0.217994166,0.911229275,0.471289834,0.97020051,0.603199401,0.025811473,0.024084906,0.021659414,0.015111699,0.025766551,0.007616331,0.059840109,1,"108,898","89,110",1.54
83,4620,0,4616,Houston City (Southwest)--Between Loop I-610 & Beltway TX-8,123333.4217,3783.4,41.15894971,83.80845857,0,0.897861549,0,3691.172218,0,0.839892977,9.617529437,0,0.010958146,0,45.30772497,0.529725638,0.718880396,0.217994166,0.911229275,0.471289834,0.97020051,0.603199401,0.025811473,0.024084906,0.021659414,0.015111699,0.025766551,0.007616331,0.059840109,1,"108,898","104,522",3.95
84,4620,0,4619,Houston (Southeast) & South Houston Cities--Inside Beltway TX-8,123333.4217,3783.4,41.15894971,83.80845857,0,0.897861549,0,3691.172218,0,0.839892977,9.617529437,0,0.010958146,0,45.30772497,0.529725638,0.718880396,0.217994166,0.911229275,0.471289834,0.97020051,0.603199401,0.025811473,0.024084906,0.021659414,0.015111699,0.025766551,0.007616331,0.059840109,1,"108,898","77,520",14.59
85,4620,0,4621,"Houston (Southeast), Pasadena (Southeast), La Porte (South) & Seabrook (East) Cities",123333.4217,3783.4,41.15894971,83.80845857,0,0.897861549,0,3691.172218,0,0.839892977,9.617529437,0,0.010958146,0,45.30772497,0.529725638,0.718880396,0.217994166,0.911229275,0.471289834,0.97020051,0.603199401,0.025811473,0.024084906,0.021659414,0.015111699,0.025766551,0.007616331,0.059840109,1,"108,898","98,196",6.31
86,4620,0,4617,Houston City (South)--Between Loop I-610 & Beltway TX-8,123333.4217,3783.4,41.15894971,83.80845857,0,0.897861549,0,3691.172218,0,0.839892977,9.617529437,0,0.010958146,0,45.30772497,0.529725638,0.718880396,0.217994166,0.911229275,0.471289834,0.97020051,0.603199401,0.025811473,0.024084906,0.021659414,0.015111699,0.025766551,0.007616331,0.059840109,1,"108,898","80,189",2.33
87,5301,0,5305,Austin City (Northwest),76036.53768,4560.4,32.01941201,178.533899,0,0.800072592,0,2388.2498,0,0.832570368,16.83135656,0,0.016694188,0,38.81165809,0.61630538,0.511026179,0.441047165,0.775466898,0.302097377,0.94842726,0.488171975,0.022295049,0.023523258,0.023811074,0.020968943,0.020604524,0.010917608,0.366153453,1,"167,656","73,050",0.08
88,5301,0,5302,Austin City (North),76036.53768,4560.4,32.01941201,178.533899,0,0.800072592,0,2388.2498,0,0.832570368,16.83135656,0,0.016694188,0,38.81165809,0.61630538,0.511026179,0.441047165,0.775466898,0.302097377,0.94842726,0.488171975,0.022295049,0.023523258,0.023811074,0.020968943,0.020604524,0.010917608,0.366153453,1,"167,656","96,295",46.13
89,5301,0,5303,Austin City (Northeast),76036.53768,4560.4,32.01941201,178.533899,0,0.800072592,0,2388.2498,0,0.832570368,16.83135656,0,0.016694188,0,38.81165809,0.61630538,0.511026179,0.441047165,0.775466898,0.302097377,0.94842726,0.488171975,0.022295049,0.023523258,0.023811074,0.020968943,0.020604524,0.010917608,0.366153453,1,"167,656","106,490",40.41
90,5301,0,5301,"Travis County (Northeast)--Pflugerville, Manor Cities & Wells Branch",76036.53768,4560.4,32.01941201,178.533899,0,0.800072592,0,2388.2498,0,0.832570368,16.83135656,0,0.016694188,0,38.81165809,0.61630538,0.511026179,0.441047165,0.775466898,0.302097377,0.94842726,0.488171975,0.022295049,0.023523258,0.023811074,0.020968943,0.020604524,0.010917608,0.366153453,1,"167,656","53,202",0.72
91,5301,0,5306,Austin City (Central),76036.53768,4560.4,32.01941201,178.533899,0,0.800072592,0,2388.2498,0,0.832570368,16.83135656,0,0.016694188,0,38.81165809,0.61630538,0.511026179,0.441047165,0.775466898,0.302097377,0.94842726,0.488171975,0.022295049,0.023523258,0.023811074,0.020968943,0.020604524,0.010917608,0.366153453,1,"167,656","126,357",12.66
92,5304,0,5302,Austin City (North),135399.6368,3793.6,47.99854409,213.8856535,0,0.82659336,0,4649.558052,0,0.950445154,22.45640796,0,0.014830603,0,43.21730083,0.58307915,0.813705216,0.124515329,0.941593858,0.681163728,0.967443003,0.511929684,0.021056777,0.019240761,0.016441171,0.013351538,0.021615144,0.007189117,0.168028714,1,"158,035","96,295",9.71
93,5304,0,5203,"Williamson County (South)--Austin City (Far North), Brushy Creek & Jollyville",135399.6368,3793.6,47.99854409,213.8856535,0,0.82659336,0,4649.558052,0,0.950445154,22.45640796,0,0.014830603,0,43.21730083,0.58307915,0.813705216,0.124515329,0.941593858,0.681163728,0.967443003,0.511929684,0.021056777,0.019240761,0.016441171,0.013351538,0.021615144,0.007189117,0.168028714,1,"158,035","68,967",0
94,5304,0,5306,Austin City (Central),135399.6368,3793.6,47.99854409,213.8856535,0,0.82659336,0,4649.558052,0,0.950445154,22.45640796,0,0.014830603,0,43.21730083,0.58307915,0.813705216,0.124515329,0.941593858,0.681163728,0.967443003,0.511929684,0.021056777,0.019240761,0.016441171,0.013351538,0.021615144,0.007189117,0.168028714,1,"158,035","126,357",56.59
95,5304,0,5305,Austin City (Northwest),135399.6368,3793.6,47.99854409,213.8856535,0,0.82659336,0,4649.558052,0,0.950445154,22.45640796,0,0.014830603,0,43.21730083,0.58307915,0.813705216,0.124515329,0.941593858,0.681163728,0.967443003,0.511929684,0.021056777,0.019240761,0.016441171,0.013351538,0.021615144,0.007189117,0.168028714,1,"158,035","73,050",33.7
